# taxonomy 	A001_0_h_CD_1_DKDL210010878-1a-N702-N503_HNWKKDSX2_L3_taxonomic_profile	A002_2XSw_0_h_C_DKDL210010878-1a-N701-N504_HNWKKDSX2_L3_taxonomic_profile	A004_2XSw_0_h_C_DKDL210010878-1a-N703-N504_HNWKKDSX2_L3_taxonomic_profile	A005_2XSw_0_h_CD_DKDL210010878-1a-N705-N503_HNWKKDSX2_L3_taxonomic_profile	A006_2XSw_0_h_C_DKDL210010878-1a-N702-N504_HNWKKDSX2_L3_taxonomic_profile	A007_0_h_CD_1_DKDL210010878-1a-N703-N503_HNWKKDSX2_L3_taxonomic_profile	A011_0_h_CD_1_DKDL210010878-1a-N704-N503_HNWKKDSX2_L3_taxonomic_profile	A020_2XSw_0_h_CD_DKDL210010878-1a-N706-N503_HNWKKDSX2_L3_taxonomic_profile	Bacteriodes_Theta_DKDL210010878-1a-N703-N502_HNWKKDSX2_L3_taxonomic_profile	C1_A301_Stool_0h_DKDL210010878-1a-N704-N504_HNWKKDSX2_L3_taxonomic_profile	C2_A304_stool_DKDL210010878-1a-N705-N504_HNWKKDSX2_L3_taxonomic_profile	G95_027_3_5_M_Hs6_DKDL210010878-1a-N701-N503_HNWKKDSX2_L3_taxonomic_profile	G95_027_3_5_vs_10_DKDL210010878-1a-N706-N504_HNWKKDSX2_L3_taxonomic_profile	G_027_3_14_0119_1_DKDL210010878-1a-N705-N502_HNWKKDSX2_L3_taxonomic_profile	G_029_3_16_0119_1_DKDL210010878-1a-N706-N502_HNWKKDSX2_L3_taxonomic_profile	S1_Bacteriodes_F_DKDL210010878-1a-N705-AK394_HNWKKDSX2_L3_taxonomic_profile	S2_C_41569860_P1_DKDL210010878-1a-N701-N502_HNWKKDSX2_L3_taxonomic_profile	S3_309_0h_DKDL210010878-1a-N701-AK394_HNWKKDSX2_L3_taxonomic_profile	S5_363_0h_DKDL210010878-1a-N703-AK394_HNWKKDSX2_L3_taxonomic_profile	S6_363_24h_DKDL210010878-1a-N704-AK394_HNWKKDSX2_L3_taxonomic_profile	S6_C_41671867_DKDL210010878-1a-N702-N502_HNWKKDSX2_L3_taxonomic_profile	Vilionela_DKDL210010878-1a-N704-N502_HNWKKDSX2_L3_taxonomic_profile
k__Bacteria|p__Firmicutes|c__Clostridia|o__Clostridiales|f__Lachnospiraceae|g__Blautia|s__Blautia_obeum	0.17728	0.0	0.35995	0.0	0.05425	0.00915	0.0	0.0	0.0	0.05661	0.015380000000000001	0.01704	0.0	0.0	0.0	0.0	1.7439	0.02136	0.06738999999999999	0.08117	0.0	0.0
k__Bacteria|p__Firmicutes|c__Clostridia|o__Clostridiales|f__Lachnospiraceae|g__Dorea|s__Dorea_sp_CAG_317	0.0011300000000000001	0.0	0.0	0.0	0.0	0.0	0.0	0.0	0.0	0.0	0.0	0.0	0.0	0.0	0.0	0.0	0.0	0.0	0.0	0.0	0.0	0.0
k__Bacteria|p__Firmicutes|c__Clostridia|o__Clostridiales|f__Lachnospiraceae|g__Dorea|s__Dorea_longicatena	2.27052	4.73019	4.08882	0.11082	1.7129299999999998	0.45148999999999995	0.00575	0.0	0.0	11.38343	1.1089	0.00015	0.00079	0.0	0.0	0.0	0.0	0.55537	1.23508	1.10691	0.0	0.0
k__Bacteria|p__Firmicutes|c__Clostridia|o__Clostridiales|f__Lachnospiraceae|g__Blautia|s__Blautia_hansenii	0.0	0.0	0.0	0.0	0.0	0.0	0.0	0.0	0.0	0.0	0.0	0.00044	0.0	0.0	0.0	0.0	0.24265	0.0	0.0	0.0	0.0	0.0
k__Bacteria|p__Firmicutes|c__Clostridia|o__Clostridiales|f__Lachnospiraceae|g__Blautia|s__Blautia_wexlerae	0.02493	0.02046	0.05006	1.81329	0.01769	0.25971	0.00778	0.0619	0.0	0.047389999999999995	0.14156	0.0	0.0	0.0	0.04231	0.0	0.0	0.015030000000000002	0.08735	0.057710000000000004	0.0	0.0
k__Bacteria|p__Firmicutes|c__Clostridia|o__Clostridiales|f__Lachnospiraceae|g__Blautia|s__Blautia_coccoides	0.0019199999999999998	0.0	0.0	0.0	0.0	0.00463	0.0	0.0	0.0	0.0	0.0	0.0	0.0	0.0	0.0	0.0	0.0	0.0	0.0	0.0	0.0	0.0
k__Bacteria|p__Firmicutes|c__Clostridia|o__Clostridiales|f__Lachnospiraceae|g__Blautia|s__Blautia_sp_CAG_257	0.0048200000000000005	0.0	0.0	0.0	0.0	0.0	0.0	0.0022600000000000003	0.0	0.0	0.0	0.0	0.0	0.0	0.0	0.0	0.0	0.0	0.0	0.0	0.0	0.0
k__Bacteria|p__Firmicutes|c__Bacilli|o__Lactobacillales|f__Lactobacillaceae|g__Sharpea|s__Sharpea_azabuensis	0.00543	0.0	0.0	0.0	0.0	0.0	0.0	0.0	0.0	0.0	0.0	0.0	0.0	0.0	0.0	0.0	0.0	0.0	0.0	0.0	0.0	0.0
k__Bacteria|p__Firmicutes|c__Clostridia|o__Clostridiales|f__Lachnospiraceae|g__Roseburia|s__Roseburia_faecis	3.49775	10.128969999999999	3.2450799999999997	0.0	5.39422	0.81001	0.0	3.15611	0.0	0.72387	8.04947	0.00774	0.00583	0.00703	0.0	0.0	0.035160000000000004	3.25304	1.10451	1.14371	0.0	0.0
k__Bacteria|p__Firmicutes|c__Clostridia|o__Clostridiales|f__Lachnospiraceae|g__Dorea|s__Dorea_formicigenerans	0.22464	0.26163000000000003	0.45679	0.09906000000000001	0.16608	0.07449	0.0	0.0	0.0	0.00916	0.3253	0.0	0.0	0.0	0.0	0.0	0.0	0.1526	0.2915	0.32028	0.0	0.0
k__Bacteria|p__Firmicutes|c__Bacilli|o__Lactobacillales|f__Leuconostocaceae|g__Weissella|s__Weissella_cibaria	0.0	0.0	0.00799	0.0	0.0	0.00409	0.0	0.0	0.0	0.0	0.0	0.0	0.0	0.0	0.0	0.0	0.0	0.02137	0.0	0.0	0.0	0.0
k__Bacteria|p__Firmicutes|c__Clostridia|o__Clostridiales|f__Lachnospiraceae|g__Roseburia|s__Roseburia_hominis	0.0	0.03682	0.35338	0.0	0.99921	0.045489999999999996	0.0	0.0	0.0	8.201830000000001	0.0397	0.00057	0.0	5e-05	0.0	0.0	0.0	0.17361	0.65159	0.70848	0.0	0.0
k__Bacteria|p__Firmicutes|c__Bacilli|o__Bacillales|f__Bacillales_unclassified|g__Gemella|s__Gemella_sanguinis	0.00373	0.0	0.0	0.0	0.017580000000000002	0.0	0.0	0.0	0.0	0.0	0.0	0.0	0.0	0.0	0.0	0.0	0.0	0.0	0.0	0.0	0.0	0.0
k__Bacteria|p__Firmicutes|c__Bacilli|o__Lactobacillales|f__Leuconostocaceae|g__Weissella|s__Weissella_confusa	0.04688	0.0	0.0	0.0	0.0	0.00244	0.0	0.0	0.0	0.0	0.0	0.0	0.0	0.0	0.0	0.0	0.0	0.09331	0.0	0.0	0.0	0.0
k__Bacteria|p__Firmicutes|c__Clostridia|o__Clostridiales|f__Lachnospiraceae|g__Blautia|s__Ruminococcus_gnavus	0.19201	0.00685	0.0	6.0523	0.00472	0.0	0.03712	4.52802	0.0	0.0	0.0	0.0015300000000000001	0.0	0.0	2.17868	0.0	0.14357	0.0	0.008190000000000001	0.0	0.0	0.0
k__Bacteria|p__Bacteroidetes|c__Bacteroidia|o__Bacteroidales|f__Rikenellaceae|g__Alistipes|s__Alistipes_inops	0.0	0.0	0.00903	0.0	0.01311	0.0	0.0	0.0	0.0	0.0	0.01973	0.058589999999999996	0.04531	0.04949	0.00058	0.0	0.03757	0.08502	5.84566	7.407	0.0	0.0
k__Bacteria|p__Firmicutes|c__Clostridia|o__Clostridiales|f__Ruminococcaceae|g__Gemmiger|s__Gemmiger_formicilis	0.0	0.01127	0.10037	0.0	0.036910000000000005	0.11429	0.0	0.0	0.0	0.0715	0.63813	0.00031	0.0	0.0	0.0	0.0	0.0	0.05635	0.05445	0.07375	0.0	0.0
k__Bacteria|p__Firmicutes|c__Clostridia|o__Clostridiales|f__Lachnospiraceae|g__Blautia|s__Ruminococcus_torques	1.78404	0.2311	1.3802	10.816130000000001	0.04774	0.39127	0.0	0.0	0.0	0.14004	0.29091999999999996	0.0	0.0	0.0	0.0	0.0	0.0	0.0512	0.22504000000000002	0.20826999999999998	0.0	0.0
k__Bacteria|p__Bacteroidetes|c__Bacteroidia|o__Bacteroidales|f__Rikenellaceae|g__Alistipes|s__Alistipes_shahii	0.36221	0.03821	0.0013800000000000002	0.0	0.04721	0.0	0.0	0.0	0.0	0.005	0.16343	0.00481	0.00302	0.0052	0.0	0.0	0.0	0.33849	1.09586	1.46941	0.0	0.0
k__Bacteria|p__Firmicutes|c__Clostridia|o__Clostridiales|f__Lachnospiraceae|g__Coprococcus|s__Coprococcus_comes	0.37242	0.22935999999999998	0.6501399999999999	0.0	0.30985	0.02165	0.0	0.0	0.0	0.39676	1.38471	0.0	0.0	0.0	0.0	0.0	0.0	0.10145	0.8914	0.87575	0.0	0.0
k__Bacteria|p__Firmicutes|c__Bacilli|o__Bacillales|f__Bacillales_unclassified|g__Gemella|s__Gemella_morbillorum	0.0	0.0	0.00505	0.0	0.00066	0.0	0.0	0.0	0.0	0.0	0.0	0.0	0.0	0.0	0.0	0.0	0.0	0.0	0.0	0.0	0.0	0.0
k__Bacteria|p__Firmicutes|c__Clostridia|o__Clostridiales|f__Lachnospiraceae|g__Murimonas|s__Murimonas_intestini	0.0016600000000000002	0.0	0.0	0.0	0.0	0.0	0.0	0.0	0.0	0.0	0.0	0.0	0.0	0.0	0.0	0.0	0.0	0.0	0.0	0.0	0.0	0.0
k__Bacteria|p__Firmicutes|c__Clostridia|o__Clostridiales|f__Eubacteriaceae|g__Eubacterium|s__Eubacterium_hallii	0.16616	0.00417	0.007659999999999999	0.0	0.02351	0.013890000000000001	0.0	0.0	0.0	0.62448	0.02326	0.0	0.0	0.0	0.0	0.0	0.0	0.02756	0.22336999999999999	0.23922	0.0	0.0
k__Bacteria|p__Firmicutes|c__Clostridia|o__Clostridiales|f__Lachnospiraceae|g__Coprococcus|s__Coprococcus_catus	0.57211	0.21003000000000002	0.32427	0.0	0.5676	0.08628	0.0	0.0	0.0	0.35406	0.98855	0.0	0.0	0.0	0.0	0.0	0.022000000000000002	0.10413	0.26583	0.55033	0.0	0.0
k__Bacteria|p__Firmicutes|c__Bacilli|o__Bacillales|f__Bacillales_unclassified|g__Gemella|s__Gemella_haemolysans	0.00419	0.0	0.01372	0.0	0.02164	0.0	0.0	0.0	0.0	0.0	0.0	0.0	0.0	0.0	0.0	0.0	0.0	0.0	0.0	0.0	0.0	0.0
k__Bacteria|p__Firmicutes|c__Clostridia|o__Clostridiales|f__Lachnospiraceae|g__Roseburia|s__Roseburia_sp_CAG_303	0.0	0.0	0.0	0.0	0.0	0.5995699999999999	0.0	0.0	0.0	0.0	0.0	0.0	0.0	0.0	0.0	0.0	0.0	0.0	0.0	0.0	0.0	0.0
k__Bacteria|p__Proteobacteria|c__Gammaproteobacteria|o__Enterobacterales|f__Hafniaceae|g__Hafnia|s__Hafnia_alvei	0.0	0.0	0.0	0.0	0.0	0.0	0.0	0.01949	0.0	0.0	0.0	0.0	0.0	0.0	0.0	0.0	0.0	0.0	0.0	0.0	0.0	0.0
k__Bacteria|p__Firmicutes|c__Clostridia|o__Clostridiales|f__Eubacteriaceae|g__Eubacterium|s__Eubacterium_eligens	16.453129999999998	0.04049	9.65429	0.04749	3.15495	13.78776	0.00148	0.0	0.0	3.1223400000000003	0.99956	0.00062	0.0	0.0	0.0	0.0	0.0	3.8650900000000004	2.2477099999999997	1.24557	0.0	0.0
k__Bacteria|p__Firmicutes|c__Bacilli|o__Lactobacillales|f__Leuconostocaceae|g__Leuconostoc|s__Leuconostoc_lactis	0.0	0.0	0.00502	0.0	0.0	0.0	0.0	0.0	0.0	0.0	0.0	0.0	0.0	0.0	0.0	0.0	0.0	0.0	0.0	0.0	0.0	0.0
k__Bacteria|p__Firmicutes|c__Bacilli|o__Lactobacillales|f__Enterococcaceae|g__Enterococcus|s__Enterococcus_hirae	0.0	0.0	0.0	0.0	0.0	0.0	0.03645	0.0	0.0	0.0	0.0	0.0	0.0	0.0	0.0	0.0	0.0	0.10128999999999999	0.01998	0.0	0.0	0.0
k__Bacteria|p__Firmicutes|c__Clostridia|o__Clostridiales|f__Eubacteriaceae|g__Eubacterium|s__Eubacterium_ramulus	0.539	0.03888	0.25314000000000003	0.043160000000000004	0.11815	0.04197	0.0	0.0	0.0	2.16874	0.05934	0.0	0.0	0.0	0.0	0.0	0.0	0.0188	0.00878	0.00206	0.0	0.0
k__Bacteria|p__Firmicutes|c__Clostridia|o__Clostridiales|f__Lachnospiraceae|g__Roseburia|s__Roseburia_sp_CAG_471	0.00039	0.0	0.02732	0.0	0.00585	0.0	0.0	0.0	0.0	0.03306	0.0	0.0	0.0	0.0	0.0	0.0	0.0	0.01731	0.0	0.0	0.0	0.0
k__Bacteria|p__Bacteroidetes|c__Bacteroidia|o__Bacteroidales|f__Prevotellaceae|g__Prevotella|s__Prevotella_copri	0.0	21.1147	12.92636	0.0	1.9721400000000002	0.0	0.0	0.0	0.0	0.12533	0.0009400000000000001	0.00979	0.00788	0.005529999999999999	0.05495	0.00081	0.0	6.099559999999999	0.01964	0.008	0.0	0.0
k__Bacteria|p__Firmicutes|c__Clostridia|o__Clostridiales|f__Lachnospiraceae|g__Roseburia|s__Roseburia_sp_CAG_182	0.0	0.0	0.0	0.0	0.01856	0.0	0.0	0.0	0.0	0.01139	0.01411	0.0	0.0	0.0	0.0	0.0	0.0	0.03336	0.0	0.0	0.0	0.0
k__Bacteria|p__Firmicutes|c__Clostridia|o__Clostridiales|f__Lachnospiraceae|g__Roseburia|s__Roseburia_sp_CAG_309	0.0	0.0	0.0	0.0	0.0	0.0	0.0	0.0	0.0	0.00558	0.0	0.0	0.0	0.0	0.0	0.0	0.0	0.0	0.0	0.0	0.0	0.0
k__Bacteria|p__Firmicutes|c__Bacilli|o__Lactobacillales|f__Streptococcaceae|g__Lactococcus|s__Lactococcus_lactis	0.06336	0.0	0.0	0.0	0.00244	0.0	0.0	0.0	0.0	0.0	0.01077	0.0	0.0	0.0	0.0	0.0	0.0	0.0	0.07074	0.06822	0.0	0.0
k__Bacteria|p__Firmicutes|c__Clostridia|o__Clostridiales|f__Clostridiaceae|g__Hungatella|s__Hungatella_hathewayi	0.33732	0.0	0.0	0.0	0.0	0.0	0.0	0.11713	0.0	0.0	0.0	0.0	0.0	0.0	0.5082300000000001	0.0	0.0	0.0	0.0	0.0	0.0	0.0
k__Bacteria|p__Bacteroidetes|c__Bacteroidia|o__Bacteroidales|f__Rikenellaceae|g__Alistipes|s__Alistipes_sp_An31A	0.0	0.0	0.00502	0.0	1.22085	0.0	0.0	0.0	0.0	0.0	0.0	0.0	0.0	0.0	0.0	0.0	0.0	0.0	0.0	0.0	0.0	0.0
k__Bacteria|p__Firmicutes|c__Bacilli|o__Lactobacillales|f__Enterococcaceae|g__Enterococcus|s__Enterococcus_avium	0.0	0.0	0.0	0.01348	0.0	0.0	0.0	0.0	0.0	0.0	0.0	0.03476	0.028960000000000003	0.0489	0.0	0.0	0.0	0.0	0.0	0.0	0.0	0.0
k__Bacteria|p__Firmicutes|c__Negativicutes|o__Veillonellales|f__Veillonellaceae|g__Dialister|s__Dialister_invisus	0.0	0.0	0.0	0.0	0.0	0.0	0.0	0.0	0.0	0.0	0.0	0.0	0.0	0.0	0.0	0.0	0.059379999999999995	0.0	0.0	0.0	0.0	0.0
k__Bacteria|p__Firmicutes|c__Bacilli|o__Lactobacillales|f__Enterococcaceae|g__Enterococcus|s__Enterococcus_durans	0.0	0.0	0.0	0.0	0.0	0.0	0.1024	0.0	0.0	0.0	0.0	0.0	0.0	0.0	0.0	0.0	0.0	0.0	0.0	0.0	0.0	0.0
k__Bacteria|p__Firmicutes|c__Clostridia|o__Clostridiales|f__Lachnospiraceae|g__Oribacterium|s__Oribacterium_sinus	0.0	0.0	0.0	0.0	0.0018399999999999998	0.0	0.0	0.0	0.0	0.0	0.0	0.0	0.0	0.0	0.0	0.0	0.0	0.0	0.0	0.0	0.0	0.0
k__Bacteria|p__Firmicutes|c__Clostridia|o__Clostridiales|f__Clostridiaceae|g__Clostridium|s__Clostridium_sp_CAG_58	0.0	0.0	0.02865	0.39536	0.03055	0.0	0.0	0.0	0.0	0.0	0.1111	0.0	0.0	0.0	0.0	0.0	0.0	0.06883	0.02592	0.04483	0.0	0.0
k__Bacteria|p__Firmicutes|c__Clostridia|o__Clostridiales|f__Lachnospiraceae|g__Coprococcus|s__Coprococcus_eutactus	0.0	0.13547	0.00827	0.0	0.52144	0.0	0.0	0.0	0.0	1.69383	2.98442	0.00267	0.0	0.0016899999999999999	0.0	0.0	0.0	9.04444	0.51064	0.5203399999999999	0.0	0.0
k__Bacteria|p__Firmicutes|c__Clostridia|o__Clostridiales|f__Lachnospiraceae|g__Oribacterium|s__Oribacterium_parvum	0.0	0.0	0.0	0.0	0.00445	0.0	0.0	0.0	0.0	0.0	0.0	0.0	0.0	0.0	0.0	0.0	0.0	0.0	0.0	0.0	0.0	0.0
k__Bacteria|p__Firmicutes|c__Clostridia|o__Clostridiales|f__Eubacteriaceae|g__Eubacterium|s__Eubacterium_sp_CAG_38	0.0	0.01441	0.0	0.13009	0.41618	0.08699	0.0	0.0	0.0	0.0	0.41323999999999994	0.0	0.0	0.0	0.0	0.0	0.0	0.0745	0.03814	0.02138	0.0	0.0
k__Bacteria|p__Firmicutes|c__Bacilli|o__Lactobacillales|f__Enterococcaceae|g__Enterococcus|s__Enterococcus_faecium	0.12595	0.0	0.0017399999999999998	11.37744	0.00561	0.3818	13.03307	0.5895199999999999	0.0	0.014480000000000002	0.00229	0.12558	0.10008	0.13229000000000002	0.51248	0.0	0.0	0.0	0.0	0.00198	0.0	0.0
k__Bacteria|p__Firmicutes|c__Bacilli|o__Lactobacillales|f__Leuconostocaceae|g__Leuconostoc|s__Leuconostoc_garlicum	0.0	0.0	0.0005099999999999999	0.0	0.0	0.0	0.0	0.0	0.0	0.0	0.0	0.0	0.0	0.0	0.0	0.0	0.0	0.0	0.0	0.0	0.0	0.0
k__Bacteria|p__Bacteroidetes|c__Bacteroidia|o__Bacteroidales|f__Bacteroidaceae|g__Bacteroides|s__Bacteroides_dorei	0.01305	0.04044	0.02273	0.23553000000000002	2.1331	2.12217	0.0011099999999999999	0.02306	0.00203	0.18492999999999998	3.4882800000000005	4.25056	5.16864	4.64723	8.56565	0.0012900000000000001	1.34627	1.95905	0.01259	0.0021	0.00367	0.00249
k__Bacteria|p__Bacteroidetes|c__Bacteroidia|o__Bacteroidales|f__Rikenellaceae|g__Alistipes|s__Alistipes_timonensis	0.0	0.0	0.0	0.0	0.00062	0.01615	0.0	0.0	0.0	0.00117	0.0	0.0	0.0	0.0	0.0	0.0	0.0	0.04387	0.0	0.0	0.0	0.0
k__Bacteria|p__Firmicutes|c__Clostridia|o__Clostridiales|f__Lachnospiraceae|g__Roseburia|s__Roseburia_intestinalis	7.89245	0.37549	1.9498400000000002	0.0	0.41248999999999997	0.5555399999999999	0.0018	2.6555	0.0	3.24085	0.8909299999999999	0.00021	0.0	0.0	0.40525	0.0	0.0	0.95688	0.17365	0.1377	0.0	0.0
k__Bacteria|p__Bacteroidetes|c__Bacteroidia|o__Bacteroidales|f__Bacteroidaceae|g__Bacteroides|s__Bacteroides_sp_D2	0.0	0.0	0.0	0.0	0.0	0.0	0.0	0.0	0.0	0.0	0.0	0.0	0.0	0.0	0.0	0.0	0.0	0.0019399999999999999	0.0	0.0	0.0	0.0
k__Bacteria|p__Firmicutes|c__Clostridia|o__Clostridiales|f__Ruminococcaceae|g__Ruminococcus|s__Ruminococcus_bromii	0.0	0.23942	1.11355	0.0	19.23634	0.0	0.0	0.0	0.0	1.40526	0.00016	0.00278	0.005370000000000001	0.00279	0.0	0.0	0.0	1.8363	3.47525	2.3099	0.0	0.0
k__Bacteria|p__Bacteroidetes|c__Bacteroidia|o__Bacteroidales|f__Rikenellaceae|g__Alistipes|s__Alistipes_putredinis	0.0	0.64362	1.35448	0.15735	2.42767	1.76243	0.0	0.0	0.0	1.81192	4.56557	0.006229999999999999	0.0020399999999999997	0.004079999999999999	0.0	0.0	0.0	12.65928	0.11087999999999999	0.03405	0.0	0.0
k__Bacteria|p__Bacteroidetes|c__Bacteroidia|o__Bacteroidales|f__Rikenellaceae|g__Alistipes|s__Alistipes_finegoldii	0.35712	0.0	0.00026000000000000003	0.0	0.00367	0.07593	0.0	0.26164	0.0	1.04588	0.012329999999999999	0.01882	0.01672	0.00865	0.0	0.0	0.34813	0.6739	1.82602	2.12773	0.0	0.0
k__Bacteria|p__Firmicutes|c__Clostridia|o__Clostridiales|f__Lachnospiraceae|g__Anaerostipes|s__Anaerostipes_hadrus	3.01947	0.14094	1.2454399999999999	0.68691	0.03559	0.01661	0.0107	0.0	0.0	2.34425	1.4063700000000001	0.00029	0.0	0.0	0.0	0.0	0.0	0.026910000000000003	0.73012	0.57765	0.0	0.0
k__Bacteria|p__Firmicutes|c__Clostridia|o__Clostridiales|f__Lachnospiraceae|g__Anaerostipes|s__Anaerostipes_caccae	0.0	0.0	0.0	0.0	0.0	0.0	0.0	0.0	0.0	0.0	0.0	0.0	0.0	0.0	0.00782	0.0	0.0	0.0	0.0	0.0	0.0	0.0
k__Bacteria|p__Firmicutes|c__Clostridia|o__Clostridiales|f__Lachnospiraceae|g__Roseburia|s__Roseburia_inulinivorans	1.85725	0.78165	0.8611700000000001	0.0	0.50334	0.11026	0.0	0.0	0.0	1.74931	0.58767	0.00031	0.0	0.0	0.0	0.0	0.0425	1.6917400000000002	0.5635600000000001	0.65003	0.0	0.0
k__Bacteria|p__Bacteroidetes|c__Bacteroidia|o__Bacteroidales|f__Bacteroidaceae|g__Bacteroides|s__Bacteroides_faecis	0.0	0.0148	0.0	0.0	0.0	0.0	0.0	0.0	0.0	0.0	0.0	0.0	0.0	0.0	0.0	0.0	0.0	0.0	0.0	0.0	0.0	0.0
k__Bacteria|p__Firmicutes|c__Clostridia|o__Clostridiales|f__Eubacteriaceae|g__Eubacterium|s__Eubacterium_sp_CAG_251	0.0	0.90904	0.0	0.0	0.23096	0.25582	0.0	0.0	0.0	0.0	0.0	0.0	0.0	0.0	0.0	0.0	0.0	0.57962	0.6867	0.47956000000000004	0.0	0.0
k__Bacteria|p__Bacteroidetes|c__Bacteroidia|o__Bacteroidales|f__Bacteroidaceae|g__Bacteroides|s__Bacteroides_nordii	0.0	0.0	0.0	0.0	0.0	0.0011	0.0	0.0	0.0	0.0	0.0	0.0	0.0	0.0	0.0	0.0	0.0	0.02754	0.06599	0.040369999999999996	0.0	0.0
k__Bacteria|p__Firmicutes|c__Clostridia|o__Clostridiales|f__Clostridiaceae|g__Clostridium|s__Clostridium_sp_CAG_242	0.0	0.0	0.0294	0.0	0.0	0.0	0.0	0.0	0.0	0.0	0.0	0.0	0.0	0.0	0.0	0.0	0.012790000000000001	0.0	0.0	0.0	0.0	0.0
k__Bacteria|p__Firmicutes|c__Clostridia|o__Clostridiales|f__Clostridiaceae|g__Clostridium|s__Clostridium_sp_CAG_253	0.0	0.0	0.0	0.0	0.0	0.0	0.0	0.0	0.0	0.0	0.21072	0.0	0.0	0.0	0.0	0.0	0.0	0.0	0.0	0.0	0.0	0.0
k__Bacteria|p__Firmicutes|c__Clostridia|o__Clostridiales|f__Lachnospiraceae|g__Blautia|s__Blautia_hydrogenotrophica	0.02146	0.0	0.0	0.0	0.0	0.0	0.0	0.0	0.0	0.0	0.0	0.0	0.0	0.0	0.0	0.0	0.0	0.0	0.0	0.0	0.0	0.0
k__Bacteria|p__Firmicutes|c__Bacilli|o__Lactobacillales|f__Enterococcaceae|g__Enterococcus|s__Enterococcus_faecalis	0.0	0.0	0.0	0.33637	0.0	0.0	0.34907	0.026930000000000003	0.0	0.0	0.0	0.0	0.0	0.0	0.0	0.0	0.0	0.0	0.0	0.0	0.0	0.0
k__Bacteria|p__Firmicutes|c__Bacilli|o__Lactobacillales|f__Lactobacillaceae|g__Lactobacillus|s__Lactobacillus_sakei	0.0	0.0	0.0042899999999999995	0.0	0.0	0.0	0.0	0.0	0.0	0.0	0.0	0.0	0.0	0.0	0.0	0.0	0.0	0.0	0.0	0.0	0.0	0.0
k__Bacteria|p__Bacteroidetes|c__Bacteroidia|o__Bacteroidales|f__Bacteroidaceae|g__Bacteroides|s__Bacteroides_clarus	0.021169999999999998	0.0	0.0	0.025710000000000004	0.0	0.0	0.0	0.22519	0.0	0.0	0.0	0.0	0.0	0.0	0.0	0.0	0.0	0.0	0.0	0.0	0.0	0.0
k__Bacteria|p__Firmicutes|c__Bacilli|o__Lactobacillales|f__Streptococcaceae|g__Streptococcus|s__Streptococcus_mitis	0.04822	0.0	0.26122	0.00147	0.14349	0.02336	0.0	0.0	0.0	0.0	0.00207	0.0	0.0	0.0	0.004529999999999999	0.0	0.0	0.0	0.0	0.0	0.0	0.0
k__Bacteria|p__Firmicutes|c__Clostridia|o__Clostridiales|f__Eubacteriaceae|g__Eubacterium|s__Eubacterium_ventriosum	0.0	1.31856	0.16574	0.0	0.26936	0.0	0.0	0.0	0.0	0.0	0.0	0.0	0.0	0.0	0.0	0.0	0.0	0.06637	0.40981000000000006	0.19835	0.0	0.0
k__Bacteria|p__Bacteroidetes|c__Bacteroidia|o__Bacteroidales|f__Bacteroidaceae|g__Bacteroides|s__Bacteroides_caccae	0.63312	0.5595	0.41485	0.0	0.0312	0.65494	0.0	0.0	0.0	0.0	2.292	0.31672	0.40155	0.36274	0.009470000000000001	0.0	0.0	0.60363	1.92933	1.62601	0.0	0.0
k__Bacteria|p__Actinobacteria|c__Actinobacteria|o__Micrococcales|f__Micrococcaceae|g__Rothia|s__Rothia_mucilaginosa	0.00106	0.0	0.08507	0.0	0.08818	0.0	0.0	0.0	0.0	0.0	0.0	0.0261	0.015309999999999999	0.02276	0.00143	0.0	0.0	0.0	0.0	0.0	0.0	0.0
k__Bacteria|p__Firmicutes|c__Clostridia|o__Clostridiales|f__Clostridiaceae|g__Clostridium|s__Clostridium_sp_CAG_299	0.0	0.03489	0.0	0.0	0.0	0.0	0.0	0.0	0.0	0.0	0.0	0.0	0.0	0.0	0.0	0.0	0.0	0.0	0.0	0.0	0.0	0.0
k__Bacteria|p__Firmicutes|c__Clostridia|o__Clostridiales|f__Eubacteriaceae|g__Eubacterium|s__Eubacterium_sp_CAG_274	0.0	0.0	0.0	0.0	0.02402	2.15383	0.0	0.0	0.0	0.0	0.0028399999999999996	0.0	0.0	0.0	0.0	0.0	0.0	0.12722999999999998	0.0	0.0	0.0	0.0
k__Bacteria|p__Actinobacteria|c__Actinobacteria|o__Micrococcales|f__Micrococcaceae|g__Rothia|s__Rothia_dentocariosa	0.0	0.0	0.0	0.0	0.00581	0.0	0.0	0.0	0.0	0.0	0.0	0.0	0.0	0.0	0.0	0.0	0.0	0.0	0.0	0.0	0.0	0.0
k__Bacteria|p__Firmicutes|c__Clostridia|o__Clostridiales|f__Clostridiaceae|g__Clostridium|s__Clostridium_sp_CAG_167	0.0	0.0	0.0	0.0	0.54114	0.0	0.0	0.0	0.0	0.0	0.00815	0.0	0.0	0.0	0.0	0.0	0.0	0.0	0.0	0.0	0.0	0.0
k__Bacteria|p__Firmicutes|c__Clostridia|o__Clostridiales|f__Eubacteriaceae|g__Eubacterium|s__Eubacterium_sp_OM08_24	0.0	0.0	0.0	0.0	0.006540000000000001	0.0	0.0	0.0	0.0	0.0	0.00137	0.0	0.0	0.0	0.0	0.0	0.0035700000000000003	0.0	0.0	0.0	0.0	0.0
k__Bacteria|p__Bacteroidetes|c__Bacteroidia|o__Bacteroidales|f__Rikenellaceae|g__Alistipes|s__Alistipes_onderdonkii	0.58613	0.0	0.0	0.0	0.0	0.0	0.0	0.0	0.0	0.0	0.02345	0.0	0.0	0.0	0.0	0.0	0.0	0.00054	0.0	0.0	0.0	0.0
k__Bacteria|p__Bacteroidetes|c__Bacteroidia|o__Bacteroidales|f__Bacteroidaceae|g__Bacteroides|s__Bacteroides_ovatus	2.10238	0.15765	0.01879	0.03974	0.049460000000000004	2.85087	0.00062	23.75239	0.0	0.39436	0.06488	0.84831	1.22532	1.05986	3.03317	0.0	0.008870000000000001	0.36708	1.0904200000000002	1.0912899999999999	0.0009699999999999999	0.0
k__Bacteria|p__Firmicutes|c__Bacilli|o__Lactobacillales|f__Streptococcaceae|g__Streptococcus|s__Streptococcus_oralis	0.0809	0.0	0.04707	0.0	0.05619	0.0	0.0	0.0	0.0	0.0	0.0	0.0	0.0	0.0	0.0	0.0	0.0	0.0	0.0	0.0	0.0	0.0
k__Bacteria|p__Bacteroidetes|c__Bacteroidia|o__Bacteroidales|f__Rikenellaceae|g__Alistipes|s__Alistipes_indistinctus	0.0008	0.0	0.0011300000000000001	0.0	0.004079999999999999	0.0	0.0	0.0	0.0	0.00173	0.18900999999999998	0.0	0.0	0.0	0.0	0.0	0.0	0.36285	0.05802	0.06584	0.0	0.0
k__Bacteria|p__Bacteroidetes|c__Bacteroidia|o__Bacteroidales|f__Prevotellaceae|g__Prevotella|s__Prevotella_stercorea	0.0	0.0	0.0	0.0	0.0	0.0	0.0	0.0	0.0	0.0	0.0	0.00151	0.0	0.00233	0.0	0.0	0.0	0.0	0.0	0.0	0.0	0.0
k__Bacteria|p__Firmicutes|c__Clostridia|o__Clostridiales|f__Lachnospiraceae|g__Eisenbergiella|s__Eisenbergiella_tayi	0.059989999999999995	0.0	0.0	0.0	0.0	0.0	0.0	0.0	0.0	0.0	0.004229999999999999	0.0	0.0	0.0	0.0	0.0	0.03639	0.0	0.0005200000000000001	0.0	0.0	0.0
k__Bacteria|p__Firmicutes|c__Bacilli|o__Lactobacillales|f__Streptococcaceae|g__Streptococcus|s__Streptococcus_sp_A12	0.0	0.0	0.0	0.0	0.0	0.0	0.0	0.0	0.0	0.0	0.0036799999999999997	0.0	0.0	0.0	0.0	0.0	0.0	0.0	0.0	0.0	0.0	0.0
k__Bacteria|p__Firmicutes|c__Negativicutes|o__Veillonellales|f__Veillonellaceae|g__Dialister|s__Dialister_sp_CAG_357	0.0	0.0	0.03073	0.0	4.8277	0.0	0.0	0.0	0.0	0.0	1.32639	0.00224	0.0017100000000000001	0.00221	0.0	0.0	0.0	9.99742	0.09692	0.01798	0.0	0.0
k__Bacteria|p__Firmicutes|c__Negativicutes|o__Veillonellales|f__Veillonellaceae|g__Veillonella|s__Veillonella_dispar	0.0	0.0	0.08574	0.0	0.01866	0.0	0.0	0.02659	0.0	0.014190000000000001	0.0	1.46567	2.2046099999999997	2.55905	0.03888	0.0	0.0	0.01138	0.00131	0.0	0.0	0.0
k__Bacteria|p__Firmicutes|c__Clostridia|o__Clostridiales|f__Ruminococcaceae|g__Ruminococcus|s__Ruminococcus_callidus	0.0	0.0	0.0	0.0	0.0	0.0	0.0	0.0	0.0	0.0	0.0	0.0	0.0	0.0	0.0	0.0	0.0	0.02572	0.0	0.0	0.0	0.0
k__Bacteria|p__Firmicutes|c__Clostridia|o__Clostridiales|f__Ruminococcaceae|g__Ruminococcus|s__Ruminococcus_lactaris	0.0	0.0	1.25957	0.0	1.94603	0.0	0.0	0.0	0.0	0.0034799999999999996	0.00064	0.0	0.0	0.0	0.0	0.0	0.0	0.07392	0.0	0.0	0.0	0.0
k__Bacteria|p__Firmicutes|c__Bacilli|o__Lactobacillales|f__Lactobacillaceae|g__Lactobacillus|s__Lactobacillus_brevis	0.04007	0.0	0.0	0.0	0.0	0.0	0.0	0.0	0.0	0.0	0.0	0.0	0.0	0.0	0.0	0.0	0.0	0.0	0.0	0.0	0.0	0.0
k__Bacteria|p__Firmicutes|c__Clostridia|o__Clostridiales|f__Clostridiaceae|g__Clostridium|s__Clostridium_perfringens	0.00463	0.0	0.00173	11.54309	0.0	0.05807999999999999	9.03432	0.93396	0.0	0.0062	0.0	0.001	0.0	0.0	0.0	0.0	0.0	0.0	0.0	0.0	0.0	0.00207
k__Bacteria|p__Firmicutes|c__Clostridia|o__Clostridiales|f__Lachnospiraceae|g__Sellimonas|s__Sellimonas_intestinalis	0.0	0.0	0.0	0.5455300000000001	0.0	0.0	0.0	0.0	0.0	0.0	0.01228	0.00025	0.0	0.0	0.0	0.0	0.33323	0.0	0.0	0.0	0.0	0.0
k__Bacteria|p__Bacteroidetes|c__Bacteroidia|o__Bacteroidales|f__Prevotellaceae|g__Prevotella|s__Prevotella_timonensis	0.0	0.0	0.0	0.0	0.0	0.0	0.0	0.0	0.0	0.0	0.0	0.0	0.0	0.0	0.0	0.0	0.0	0.0	0.0075	0.01652	0.0	0.0
k__Bacteria|p__Firmicutes|c__Bacilli|o__Lactobacillales|f__Lactobacillaceae|g__Lactobacillus|s__Lactobacillus_rogosae	0.00123	0.02121	0.00655	0.0	0.0008699999999999999	0.0	0.0	0.0	0.0	0.039689999999999996	0.01235	0.0	0.0	0.0	0.0	0.0	0.0	0.00168	0.08887	0.0444	0.0	0.0
k__Bacteria|p__Firmicutes|c__Bacilli|o__Lactobacillales|f__Lactobacillaceae|g__Lactobacillus|s__Lactobacillus_reuteri	0.0	0.0	0.0	0.0	0.0	0.00514	0.0	0.0	0.0	0.0	0.0	0.0	0.0	0.0	0.0	0.0	0.0	0.0	0.0	0.0	0.0	0.0
k__Bacteria|p__Bacteroidetes|c__Bacteroidia|o__Bacteroidales|f__Prevotellaceae|g__Prevotella|s__Prevotella_sp_CAG_279	0.0	0.0	0.0	0.0	0.0	0.0	0.0	0.0	0.0	0.58344	0.0	0.0	0.0	0.0	0.0	0.0	0.0	0.0	0.0	0.0	0.0	0.0
k__Bacteria|p__Bacteroidetes|c__Bacteroidia|o__Bacteroidales|f__Prevotellaceae|g__Prevotella|s__Prevotella_sp_AM42_24	0.0	0.0	0.0	0.0	0.0	0.0	0.0	0.0	0.0	0.1059	0.0	0.0	0.0	0.0	0.0	0.0	0.0	0.0	0.0	0.0	0.0	0.0
k__Bacteria|p__Bacteroidetes|c__Bacteroidia|o__Bacteroidales|f__Bacteroidaceae|g__Bacteroides|s__Bacteroides_vulgatus	8.884789999999999	0.18484	2.0765599999999997	1.96943	1.58464	7.61361	0.06794	8.3603	0.0	0.4658	5.94686	0.01787	0.00481	0.0024	0.0	0.0	1.13216	0.99224	7.291460000000001	6.66253	0.0	0.0
k__Bacteria|p__Bacteroidetes|c__Bacteroidia|o__Bacteroidales|f__Odoribacteraceae|g__Odoribacter|s__Odoribacter_laneus	0.0	0.0	0.0	0.0	0.0	0.0	0.0	0.0	0.0	0.0	0.00264	0.0	0.0	0.0	0.0	0.0	0.0	0.0	0.0	0.0	0.0	0.0
k__Bacteria|p__Firmicutes|c__Bacilli|o__Lactobacillales|f__Lactobacillaceae|g__Lactobacillus|s__Lactobacillus_gasseri	0.0	0.0	0.0	0.0	0.0	0.00464	0.0	0.0	0.0	0.0	0.0	0.0	0.0	0.0	0.0	0.0	0.0	0.0	0.0	0.0	0.0	0.0
k__Bacteria|p__Bacteroidetes|c__Bacteroidia|o__Bacteroidales|f__Bacteroidaceae|g__Bacteroides|s__Bacteroides_fragilis	0.0	0.0	0.0	5.31145	0.0	0.0	0.0	0.0	0.0	0.0	0.03468	0.0	0.0	0.0012	0.00145	99.93894	0.0	0.05967000000000001	0.00205	0.0	0.0	0.0
k__Bacteria|p__Firmicutes|c__Negativicutes|o__Veillonellales|f__Veillonellaceae|g__Veillonella|s__Veillonella_parvula	0.25465	0.05895	0.15646	3.85008	0.09056	0.0416	0.015369999999999998	10.99811	0.05959	0.03715	0.0122	0.00379	5.91896	0.01102	0.14114000000000002	0.0	0.18566	0.0	0.0	0.0085	0.08711	78.18796
k__Bacteria|p__Firmicutes|c__Clostridia|o__Clostridiales|f__Lachnospiraceae|g__Butyrivibrio|s__Butyrivibrio_crossotus	0.0	0.0	0.00426	0.0	1.65378	0.0	0.0	0.0	0.0	1.71566	0.0	0.0	0.0	0.0	0.0	0.0	0.0	0.0	0.0	0.0	0.0	0.0
k__Bacteria|p__Firmicutes|c__Negativicutes|o__Veillonellales|f__Veillonellaceae|g__Veillonella|s__Veillonella_atypica	0.0	0.0	0.16369	3.02405	0.07466	0.03895	0.0	0.09841	0.0	0.01828	0.0	0.05036	0.06252	0.05231	0.13138	0.0	0.0	0.0	0.0	0.0	0.0	0.0
k__Bacteria|p__Firmicutes|c__Bacilli|o__Lactobacillales|f__Lactobacillaceae|g__Lactobacillus|s__Lactobacillus_ruminis	0.0	0.8138	0.0	0.0	0.20920999999999998	0.0	0.0	0.0	0.0	0.0	0.18354	0.0	0.0	0.0	0.0	0.0	0.0	0.39048	0.01481	0.0	0.0	0.0
k__Bacteria|p__Bacteroidetes|c__Bacteroidia|o__Bacteroidales|f__Bacteroidaceae|g__Bacteroides|s__Bacteroides_plebeius	1.8002599999999997	0.0	0.28344	0.0	0.0	0.0	0.0	0.0	0.0	0.0	0.0	0.0	0.0	0.0	0.0	0.0	0.0	0.0	0.0	0.0	0.0	0.0
k__Bacteria|p__Firmicutes|c__Bacilli|o__Lactobacillales|f__Enterococcaceae|g__Enterococcus|s__Enterococcus_gallinarum	0.0	0.0	0.0	0.64993	0.0	0.0	0.06214	0.0	0.0	0.0	0.0	0.02472	0.02174	0.0331	0.02185	0.0	0.0	0.0	0.0	0.0	0.0	0.0
k__Bacteria|p__Firmicutes|c__Bacilli|o__Lactobacillales|f__Lactobacillaceae|g__Pediococcus|s__Pediococcus_pentosaceus	0.03815	0.0	0.0	0.0	0.0	0.0	0.0	0.0	0.0	0.0	0.0	0.0	0.0	0.0	0.0	0.0	0.0	0.0	0.0	0.0	0.0	0.0
k__Bacteria|p__Firmicutes|c__Bacilli|o__Lactobacillales|f__Streptococcaceae|g__Streptococcus|s__Streptococcus_milleri	0.0	0.0	0.00797	0.0	0.0	0.0	0.0	0.0	0.0	0.0	0.0	0.0	0.0	0.0	0.0	0.0	0.0	0.0	0.0	0.0	0.0	0.0
k__Bacteria|p__Firmicutes|c__Negativicutes|o__Veillonellales|f__Veillonellaceae|g__Veillonella|s__Veillonella_rogosae	0.0	0.0	0.01485	0.0	0.00065	0.0	0.0	0.0	0.0	0.00124	0.0	0.0	0.0	0.0	0.0	0.0	0.0	0.0	0.0	0.0	0.0	0.0
k__Bacteria|p__Firmicutes|c__Bacilli|o__Lactobacillales|f__Lactobacillaceae|g__Pediococcus|s__Pediococcus_acidilactici	0.0	0.0	0.0	0.0	0.0	0.0	0.0	0.0	0.0	0.0	0.0	0.01082	0.0	0.0	0.0	0.0	80.62784	0.0	0.0	0.0	0.0	0.00022
k__Bacteria|p__Bacteroidetes|c__Bacteroidia|o__Bacteroidales|f__Prevotellaceae|g__Prevotella|s__Prevotella_sp_CAG_1185	0.0	0.0	0.00366	0.0	0.00144	0.0	0.0	0.0	0.0	0.0	0.0	0.0	0.0	0.0	0.0	0.0	0.0	0.0	0.0	0.0	0.0	0.0
k__Bacteria|p__Bacteroidetes|c__Bacteroidia|o__Bacteroidales|f__Bacteroidaceae|g__Bacteroides|s__Bacteroides_coprocola	0.0	0.14841	0.0	0.0	0.0	0.0	0.0	0.0	0.0	0.0	0.0	0.0	0.0	0.0	0.0	0.0	0.0	0.0	0.0	0.0	0.0	0.0
k__Bacteria|p__Bacteroidetes|c__Bacteroidia|o__Bacteroidales|f__Prevotellaceae|g__Prevotella|s__Prevotella_sp_CAG_5226	0.0	0.0	0.0	0.0	0.0	0.0	0.0	0.0	0.0	0.31895	0.0	0.0	0.0	0.0	0.0	0.0	0.0	0.0	0.0	0.0	0.0	0.0
k__Bacteria|p__Firmicutes|c__Negativicutes|o__Veillonellales|f__Veillonellaceae|g__Megasphaera|s__Megasphaera_elsdenii	0.0	0.0	0.0	0.0	0.03815	0.0	0.0	0.0	0.0	0.0	0.0	0.0	0.0	0.0	0.0	0.0	0.0	0.0	0.0	0.0	0.0	0.0
k__Bacteria|p__Firmicutes|c__Bacilli|o__Lactobacillales|f__Streptococcaceae|g__Streptococcus|s__Streptococcus_sp_F0442	0.0	0.0	0.00141	0.0	0.0	0.0	0.0	0.0	0.0	0.0	0.0	0.00101	0.0014	0.00141	0.0	0.0	0.0	0.0	0.0	0.0	0.0	0.0
k__Bacteria|p__Firmicutes|c__Negativicutes|o__Veillonellales|f__Veillonellaceae|g__Dialister|s__Dialister_pneumosintes	0.0	0.0	0.0	0.0331	0.0	0.0	0.0	0.0	0.0	0.0	0.0	0.0	0.0	0.0	0.0	0.0	0.0	0.0	0.0	0.0	0.0	0.0
k__Bacteria|p__Firmicutes|c__Bacilli|o__Lactobacillales|f__Streptococcaceae|g__Streptococcus|s__Streptococcus_gordonii	0.00197	0.0	0.06688999999999999	0.0	0.14717	0.0	0.0	0.0	0.0	0.0	0.0	0.0	0.0	0.0	0.00045	0.0	0.0	0.0	0.0	0.0	0.0	0.0
k__Bacteria|p__Firmicutes|c__Bacilli|o__Lactobacillales|f__Streptococcaceae|g__Streptococcus|s__Streptococcus_infantis	0.03366	0.0	0.0605	0.0	0.02484	0.0	0.0	0.0	0.0	0.0	0.0	0.0	0.0	0.0	0.0	0.0	0.0	0.0	0.0	0.0	0.0	0.0
k__Bacteria|p__Bacteroidetes|c__Bacteroidia|o__Bacteroidales|f__Bacteroidaceae|g__Bacteroides|s__Bacteroides_eggerthii	0.0	0.0	0.0040100000000000005	0.0	0.04137	0.0	0.0	0.0	0.0	0.06994	0.0	0.0	0.0	0.0	0.0	0.0	0.0	0.0	0.0	0.0	0.0	0.0
k__Bacteria|p__Firmicutes|c__Clostridia|o__Clostridiales|f__Ruminococcaceae|g__Ruminococcus|s__Ruminococcus_sp_CAG_579	0.0	0.0	0.033139999999999996	0.0	3.13447	0.0	0.0	0.0	0.0	0.0	0.0	0.0	0.0	0.0	0.0	0.0	0.0	0.0	0.0	0.0	0.0	0.0
k__Bacteria|p__Bacteroidetes|c__Bacteroidia|o__Bacteroidales|f__Barnesiellaceae|g__Coprobacter|s__Coprobacter_secundus	0.0	0.0	0.0	0.0	0.0	0.0	0.0	0.0	0.0	0.0	0.01122	0.0	0.0	0.0	0.0	0.0	0.0	0.0	0.0	0.0	0.0	0.0
k__Bacteria|p__Bacteroidetes|c__Bacteroidia|o__Bacteroidales|f__Bacteroidaceae|g__Bacteroides|s__Bacteroides_uniformis	3.05488	0.77669	0.35502	1.00891	2.46875	15.00034	0.006640000000000001	0.034319999999999996	0.00387	2.52342	5.5869	8.34791	8.401819999999999	8.18023	0.20048	0.008579999999999999	0.13451	3.03416	3.55905	4.18925	0.0041600000000000005	0.00259
k__Bacteria|p__Bacteroidetes|c__Bacteroidia|o__Bacteroidales|f__Bacteroidaceae|g__Bacteroides|s__Bacteroides_stercoris	0.0	0.055970000000000006	0.0895	0.42271000000000003	0.92555	5.87779	0.007520000000000001	0.0	0.0	0.00055	0.0	0.02445	0.01608	0.01317	0.0	0.0	1.01301	0.5404100000000001	11.023430000000001	12.789439999999999	0.0	0.0
k__Bacteria|p__Firmicutes|c__Clostridia|o__Clostridiales|f__Ruminococcaceae|g__Ruminococcus|s__Ruminococcus_sp_CAG_488	0.0	0.0	0.0	0.0	0.0008900000000000001	0.0	0.0	0.0	0.0	0.0	0.0	0.0	0.0	0.0	0.0	0.0	0.0	0.0	0.0	0.0	0.0	0.0
k__Bacteria|p__Firmicutes|c__Negativicutes|o__Selenomonadales|f__Selenomonadaceae|g__Megamonas|s__Megamonas_funiformis	0.07227	0.01989	0.04754	0.0	0.0	0.47668	0.0	0.0	0.0	0.0	0.0	0.0	0.0	0.0	0.0	0.0	0.0	0.0	0.0	0.0	0.0	0.0
k__Bacteria|p__Firmicutes|c__Clostridia|o__Clostridiales|f__Ruminococcaceae|g__Ruminococcus|s__Ruminococcus_sp_CAG_563	0.0	0.0	0.0	0.0	0.10873	0.0	0.0	0.0	0.0	0.0	0.0	0.0	0.0	0.0	0.0	0.0	0.0	0.0	0.0	0.0	0.0	0.0
k__Bacteria|p__Firmicutes|c__Clostridia|o__Clostridiales|f__Clostridiaceae|g__Clostridium|s__Clostridium_bolteae_CAG_59	0.0	0.0	0.0	0.27053	0.0	0.0	0.0	0.0	0.0	0.0	0.0	0.0	0.0	0.0	0.0	0.0	0.026000000000000002	0.00043	0.0	0.0	0.0	0.0
k__Bacteria|p__Firmicutes|c__Bacilli|o__Lactobacillales|f__Lactobacillaceae|g__Lactobacillus|s__Lactobacillus_crispatus	0.0	0.0	0.0	0.0	0.0	0.0063100000000000005	0.0	0.0	0.0	0.0	0.0	0.0	0.0	0.0	0.0	0.0	0.0	0.0	0.0	0.0	0.0	0.0
k__Bacteria|p__Firmicutes|c__Bacilli|o__Lactobacillales|f__Lactobacillaceae|g__Lactobacillus|s__Lactobacillus_rhamnosus	0.0	0.0	0.0	0.0	0.0	0.0	0.0	0.0	0.0	0.0	0.02076	0.0	0.0	0.0	0.0	0.0	0.0	0.0	0.0	0.0	0.0	0.0
k__Bacteria|p__Firmicutes|c__Clostridia|o__Clostridiales|f__Ruminococcaceae|g__Flavonifractor|s__Flavonifractor_plautii	2.7599299999999998	0.0024100000000000002	0.0026899999999999997	3.3452300000000004	0.0	0.17090999999999998	0.00015	0.8915299999999999	0.0	0.00086	0.28217	0.64576	0.6140100000000001	0.54322	1.6493900000000001	0.0	0.0102	0.07772000000000001	0.15348	0.13701	0.0	0.0
k__Bacteria|p__Firmicutes|c__Negativicutes|o__Selenomonadales|f__Selenomonadaceae|g__Megamonas|s__Megamonas_hypermegale	0.11094000000000001	0.0	0.0	0.0	0.0	0.04426	0.0	0.0	0.0	0.0	0.0	0.0	0.0	0.0	0.0	0.0	0.0	0.0	0.0	0.0	0.0	0.0
k__Bacteria|p__Firmicutes|c__Bacilli|o__Lactobacillales|f__Streptococcaceae|g__Streptococcus|s__Streptococcus_cristatus	0.004529999999999999	0.0	0.0016699999999999998	0.0	0.00349	0.0	0.0	0.0	0.0	0.0	0.0	0.0	0.0	0.0	0.0	0.0	0.0	0.0	0.0	0.0	0.0	0.0
k__Bacteria|p__Bacteroidetes|c__Bacteroidia|o__Bacteroidales|f__Bacteroidaceae|g__Bacteroides|s__Bacteroides_salyersiae	0.04384	0.0	0.0	0.0	0.008490000000000001	0.0	0.0	0.0	0.0	0.0	0.0	0.0	0.0	0.0	0.0	0.0	0.0392	0.0	0.0	0.0	0.0	0.0
k__Bacteria|p__Firmicutes|c__Clostridia|o__Clostridiales|f__Ruminococcaceae|g__Ruminococcus|s__Ruminococcus_bicirculans	0.0	0.80587	3.79861	0.0	0.01401	0.0	0.0	0.0	0.0	0.02692	0.0	0.00033999999999999997	0.0	0.00057	0.0	0.0	0.0	0.47013	1.29267	1.15985	0.0	0.0
k__Bacteria|p__Firmicutes|c__Bacilli|o__Lactobacillales|f__Streptococcaceae|g__Streptococcus|s__Streptococcus_sanguinis	0.0	0.0	0.03996	0.0	0.02843	0.0	0.0	0.0	0.0	0.0	0.0	0.0	0.0	0.0	0.0	0.0	0.0	0.00797	0.0	0.0	0.0	0.0
k__Bacteria|p__Bacteroidetes|c__Bacteroidia|o__Bacteroidales|f__Bacteroidaceae|g__Bacteroides|s__Bacteroides_sp_OM08_11	0.0	0.0	0.0	0.0	0.02814	0.0	0.0	0.0	0.0	0.0	0.0	0.0	0.0	0.0	0.0	0.0	0.0	0.0	0.0	0.0	0.0	0.0
k__Bacteria|p__Firmicutes|c__Negativicutes|o__Veillonellales|f__Veillonellaceae|g__Veillonella|s__Veillonella_infantium	0.0	0.0	0.047	0.02405	0.01826	0.0	0.0	0.01811	0.0	0.00889	0.0	0.73501	1.09496	1.07187	0.03927	0.0	0.0	0.0	0.0	0.0	0.0	0.0
k__Bacteria|p__Firmicutes|c__Bacilli|o__Lactobacillales|f__Streptococcaceae|g__Streptococcus|s__Streptococcus_australis	0.02351	0.0	0.0167	0.0	0.027989999999999998	0.0	0.0	0.0	0.0	0.0	0.0	0.0	0.0	0.0	0.0	0.0	0.0	0.0	0.0	0.0	0.0	0.0
k__Bacteria|p__Firmicutes|c__Clostridia|o__Clostridiales|f__Lachnospiraceae|g__Lachnospira|s__Lachnospira_pectinoschiza	3.5584	1.8747599999999998	4.90945	1.77548	0.02495	10.30906	0.0	1.1543299999999999	0.0	0.11085	0.3924	0.0	0.0	0.0	0.0	0.0	0.0	0.9801700000000001	0.59421	0.49263999999999997	0.0	0.0
k__Bacteria|p__Bacteroidetes|c__Bacteroidia|o__Bacteroidales|f__Bacteroidaceae|g__Bacteroides|s__Bacteroides_finegoldii	0.00481	0.0	0.026389999999999997	0.0	0.03441	0.0	0.0	0.0	0.0	0.0028899999999999998	0.0	0.00186	0.0	0.0	0.0	0.0	0.56025	0.36522	0.00035	0.0	0.0	0.0
k__Bacteria|p__Bacteroidetes|c__Bacteroidia|o__Bacteroidales|f__Bacteroidaceae|g__Bacteroides|s__Bacteroides_sp_CAG_462	0.0	0.0	0.0	0.0	0.0	0.0	0.0	0.0	0.0	0.0	1.67325	0.00122	0.0	0.00216	0.0	0.0	0.0	0.00965	0.0	0.0	0.0	0.0
k__Bacteria|p__Firmicutes|c__Clostridia|o__Clostridiales|f__Clostridiaceae|g__Clostridium|s__Clostridium_paraputrificum	0.0	0.0	0.0	0.0	0.0	0.0	0.0	0.00373	0.0	0.0	0.0	0.0037	0.006509999999999999	0.00809	0.00278	0.0	0.0	0.0	0.0	0.0	0.0	0.0
k__Bacteria|p__Firmicutes|c__Clostridia|o__Clostridiales|f__Oscillospiraceae|g__Oscillibacter|s__Oscillibacter_sp_57_20	0.0	0.10294	0.07993	0.0	0.41013999999999995	0.0	0.0	0.0	0.0	4.602869999999999	0.036039999999999996	0.00022999999999999998	0.0	0.0	0.0	0.0	0.0	2.49592	0.060110000000000004	0.05152999999999999	0.0	0.0
k__Bacteria|p__Firmicutes|c__Clostridia|o__Clostridiales|f__Lachnospiraceae|g__Lachnoclostridium|s__Clostridium_bolteae	0.07916000000000001	0.0	0.0	0.061810000000000004	0.0	0.00627	0.0	1.08229	0.0	0.0	0.0	0.0	0.0	0.0	0.0	0.0	0.01957	0.00663	0.0	0.0	0.0	0.0
k__Bacteria|p__Firmicutes|c__Tissierellia|o__Tissierellales|f__Peptoniphilaceae|g__Peptoniphilus|s__Peptoniphilus_harei	0.0	0.0	0.0	0.020919999999999998	0.0	0.0	0.0	0.0	0.0	0.0	0.0	0.0	0.0	0.0	0.0	0.0	0.0	0.0	0.0	0.0	0.0	0.0
k__Bacteria|p__Bacteroidetes|c__Bacteroidia|o__Bacteroidales|f__Bacteroidaceae|g__Bacteroides|s__Bacteroides_sp_CAG_144	0.0	0.0	0.0	0.0	0.24051	0.0	0.0	0.0	0.0	0.00868	0.0	0.00125	0.0	0.0	0.0	0.0	0.0	0.0	2.18701	2.60596	0.0	0.0
k__Bacteria|p__Firmicutes|c__Negativicutes|o__Veillonellales|f__Veillonellaceae|g__Veillonella|s__Veillonella_seminalis	0.0	0.0	0.0	0.0	0.0	0.04509	0.0	0.0	0.0	0.0	0.0	0.0	0.0	0.0	0.0	0.0	0.0	0.0	0.0	0.0	0.0	0.0
k__Bacteria|p__Firmicutes|c__Clostridia|o__Clostridiales|f__Ruminococcaceae|g__Flavonifractor|s__Flavonifractor_sp_An10	0.0	0.0	0.0	0.0	0.0	0.0	0.0	0.0	0.0	0.0	0.07368999999999999	0.0	0.0	0.0	0.0	0.0	0.0	0.0	0.0	0.0	0.0	0.0
k__Bacteria|p__Firmicutes|c__Bacilli|o__Lactobacillales|f__Lactobacillaceae|g__Lactobacillus|s__Lactobacillus_plantarum	0.1437	0.0	0.0	0.0	0.0	0.0	0.0	0.0	0.0	0.0	0.0	0.2266	0.0	0.0	0.0	0.0	0.0	0.0	0.0	0.0	0.0	0.0
k__Bacteria|p__Bacteroidetes|c__Bacteroidia|o__Bacteroidales|f__Bacteroidaceae|g__Bacteroides|s__Bacteroides_sp_CAG_443	0.0	0.0	0.0	0.0	0.0	0.0	0.0	0.0	0.0	0.0	3.64121	0.0	0.0	0.0	0.0	0.0	0.0	0.009040000000000001	0.0	0.0	0.0	0.0
k__Bacteria|p__Firmicutes|c__Bacilli|o__Lactobacillales|f__Streptococcaceae|g__Streptococcus|s__Streptococcus_salivarius	0.7842899999999999	0.017490000000000002	0.94504	0.0	1.10917	0.07897	0.0	0.0	0.0	0.033589999999999995	0.13695	0.0055	0.00875	0.00683	0.09155	0.0	0.0	0.05799	0.0047799999999999995	0.00095	0.0	0.0
k__Bacteria|p__Firmicutes|c__Bacilli|o__Lactobacillales|f__Enterococcaceae|g__Enterococcus|s__Enterococcus_casseliflavus	0.0	0.0	0.0	0.0	0.0	0.0	0.0	0.0	0.0	0.0	0.0	0.00689	0.0	0.00283	0.16963	0.0	0.0	0.0	0.0	0.0	0.0	0.0
k__Bacteria|p__Bacteroidetes|c__Bacteroidia|o__Bacteroidales|f__Bacteroidaceae|g__Bacteroides|s__Bacteroides_coprophilus	0.0	0.25122	0.0	0.0	0.0	0.0	0.0	0.0	0.0	0.0	0.0	0.0	0.0	0.0	0.0	0.0	0.0	0.0	0.0	0.0	0.0	0.0
k__Bacteria|p__Proteobacteria|c__Betaproteobacteria|o__Neisseriales|f__Neisseriaceae|g__Eikenella|s__Eikenella_corrodens	0.0	0.0	0.0023899999999999998	0.0	0.0	0.0	0.0	0.0	0.0	0.0	0.0	0.0	0.0	0.0	0.0	0.0	0.0	0.0	0.0	0.0	0.0	0.0
k__Bacteria|p__Bacteroidetes|c__Bacteroidia|o__Bacteroidales|f__Prevotellaceae|g__Paraprevotella|s__Paraprevotella_clara	0.0	0.0	0.0	0.0	0.0	0.0	0.0	0.0	0.0	0.0	0.0	0.0	0.0	0.0	0.0	0.0	0.0	0.12905999999999998	0.0	0.0	0.0	0.0
k__Bacteria|p__Firmicutes|c__Negativicutes|o__Veillonellales|f__Veillonellaceae|g__Megasphaera|s__Megasphaera_sp_DISK_18	0.0	0.0	0.0	0.0	0.0	0.04525	0.00013000000000000002	0.0	0.0	0.0	0.0	0.0	0.0	0.0	0.0	0.0	0.0	0.0	0.0	0.0	0.0	0.0
k__Bacteria|p__Firmicutes|c__Clostridia|o__Clostridiales|f__Ruminococcaceae|g__Ruminococcus|s__Ruminococcus_obeum_CAG_39	0.0	0.0	0.0	0.0	0.0	0.0	0.0	0.0	0.0	0.055929999999999994	0.0	0.0	0.0	0.0	0.0	0.0	0.0	0.0	0.0	0.0	0.0	0.0
k__Bacteria|p__Actinobacteria|c__Coriobacteriia|o__Eggerthellales|f__Eggerthellaceae|g__Eggerthella|s__Eggerthella_lenta	0.0	0.0	0.0	0.058410000000000004	0.0	0.0	0.0	0.0	0.0	0.0	0.0	0.0	0.0	0.0	0.10082999999999999	0.0	0.0	0.0	0.0032600000000000003	0.00953	0.0	0.0
k__Bacteria|p__Firmicutes|c__Clostridia|o__Clostridiales|f__Ruminococcaceae|g__Flavonifractor|s__Flavonifractor_sp_An100	0.0	0.0	0.0	0.0	0.0	0.0	0.0	0.0	0.0	0.0	0.00447	0.0	0.0	0.0	0.0	0.0	0.0	0.0	0.0	0.0	0.0	0.0
k__Bacteria|p__Firmicutes|c__Clostridia|o__Clostridiales|f__Ruminococcaceae|g__Anaerotruncus|s__Anaerotruncus_sp_CAG_528	0.0	0.0	1.88055	0.0	0.0	0.0	0.0	0.0	0.0	0.0010400000000000001	0.0	0.0	0.0	0.0	0.0	0.0	0.0	0.0	0.0	0.0	0.0	0.0
k__Bacteria|p__Firmicutes|c__Bacilli|o__Lactobacillales|f__Carnobacteriaceae|g__Granulicatella|s__Granulicatella_elegans	0.0	0.0	0.0	0.0	0.0007	0.0	0.0	0.0	0.0	0.0	0.0	0.0	0.0	0.0	0.0	0.0	0.0	0.0	0.0	0.0	0.0	0.0
k__Bacteria|p__Firmicutes|c__Negativicutes|o__Veillonellales|f__Veillonellaceae|g__Veillonella|s__Veillonella_sp_CAG_933	0.0	0.0	0.0	0.0	0.0	0.0	0.0	0.0	0.0	0.0	0.0	2.8940599999999996	4.30929	4.17906	6.69061	0.0	0.025710000000000004	0.0	0.0	0.0	0.00175	0.00275
k__Bacteria|p__Firmicutes|c__Clostridia|o__Clostridiales|f__Ruminococcaceae|g__Anaerotruncus|s__Anaerotruncus_colihominis	0.5473	0.0	0.0	0.0	0.0	0.0	0.0	0.0	0.0	0.0	0.0019	0.0	0.0	0.0	0.0	0.0	0.08388999999999999	0.0	0.0	0.0	0.0	0.0
k__Bacteria|p__Firmicutes|c__Clostridia|o__Clostridiales|f__Lachnospiraceae|g__Lachnoclostridium|s__Clostridium_citroniae	0.10638	0.0	0.00043	0.0	0.0	0.01316	0.0	0.0	0.0	0.0	0.0	0.0	0.0	0.0	0.0	0.0	0.0	0.01053	0.0014199999999999998	0.0	0.0	0.0
k__Bacteria|p__Bacteroidetes|c__Bacteroidia|o__Bacteroidales|f__Bacteroidaceae|g__Bacteroides|s__Bacteroides_massiliensis	0.10443	0.0	0.19303	0.0	0.02345	1.29682	0.0	0.0	0.0	0.0	0.0	0.0	0.0	0.0	0.0	0.0	0.0	0.0	0.99225	0.7306	0.0	0.0
k__Bacteria|p__Firmicutes|c__Clostridia|o__Clostridiales|f__Oscillospiraceae|g__Oscillibacter|s__Oscillibacter_sp_CAG_241	0.0	1.0124	0.50079	0.0	0.06484	0.0	0.0	0.0	0.0	0.29041999999999996	0.18188	0.00074	0.0	0.00043	0.0	0.0	0.0	0.4628	0.01208	0.00533	0.0	0.0
k__Bacteria|p__Firmicutes|c__Clostridia|o__Clostridiales|f__Lachnospiraceae|g__Lachnoclostridium|s__Clostridium_hylemonae	0.0	0.0	0.0	0.0	0.0	0.0	0.0	0.0	0.0	0.0	0.0	0.0	0.0	0.0	0.0	0.0	0.0124	0.0	0.0	0.0	0.0	0.0
k__Bacteria|p__Firmicutes|c__Clostridia|o__Clostridiales|f__Lachnospiraceae|g__Lachnoclostridium|s__Clostridium_lavalense	0.18373	0.0	0.0	0.0	0.0	0.0	0.0	0.0	0.0	0.0	0.0	0.0	0.0	0.0	0.0	0.0	0.0	0.0	0.0	0.0	0.0	0.0
k__Bacteria|p__Firmicutes|c__Clostridia|o__Clostridiales|f__Lachnospiraceae|g__Lachnoclostridium|s__Clostridium_symbiosum	0.0	0.0	0.0	0.14862	0.0	0.0	0.0	0.0	0.0	0.0	0.0	0.0	0.0	0.0	0.0	0.0	0.030680000000000002	0.0	0.0319	0.01732	0.0	0.0
k__Bacteria|p__Firmicutes|c__Negativicutes|o__Selenomonadales|f__Selenomonadaceae|g__Mitsuokella|s__Mitsuokella_multacida	0.0	0.0	0.00897	0.0	2.54263	0.0	0.0	0.0	0.0	0.0	0.0	0.0	0.0	0.0	0.0	0.0	0.0	0.0	0.0	0.0	0.0	0.0
k__Bacteria|p__Bacteroidetes|c__Bacteroidia|o__Bacteroidales|f__Odoribacteraceae|g__Butyricimonas|s__Butyricimonas_virosa	0.0	0.0	0.0	0.0	0.0199	0.0	0.0	0.0	0.0	0.0	0.06583	0.0	0.0	0.00018999999999999998	0.0	0.0	0.0	0.09031	0.0	0.0	0.0	0.0
k__Bacteria|p__Actinobacteria|c__Coriobacteriia|o__Coriobacteriales|f__Coriobacteriaceae|g__Enorma|s__Enorma_massiliensis	0.0	0.0	0.0	0.0	0.00018999999999999998	0.0	0.0	0.0	0.0	0.0	0.0	0.0	0.0	0.0	0.0	0.0	0.0	0.0	0.0	0.0	0.0	0.0
k__Bacteria|p__Firmicutes|c__Clostridia|o__Clostridiales|f__Lachnospiraceae|g__Lachnoclostridium|s__Clostridium_aldenense	0.00394	0.0	0.0	0.0	0.0	0.0	0.0	0.06242999999999999	0.0	0.0	0.0	0.0	0.0	0.0	0.00727	0.0	0.0	0.0	0.0	0.0	0.0	0.0
k__Bacteria|p__Bacteroidetes|c__Bacteroidia|o__Bacteroidales|f__Barnesiellaceae|g__Coprobacter|s__Coprobacter_fastidiosus	0.0	0.0	0.0	0.0	0.018269999999999998	0.0	0.0	0.0	0.0	0.0	0.0	0.0	0.0	0.0	0.0	0.0	0.0	0.24139000000000002	0.49848000000000003	0.44568	0.0	0.0
k__Bacteria|p__Bacteroidetes|c__Bacteroidia|o__Bacteroidales|f__Bacteroidaceae|g__Bacteroides|s__Bacteroides_intestinalis	0.41093999999999997	0.0	0.0	0.0	0.09187999999999999	0.0	0.0	0.0	0.0	0.0	0.0	0.0	0.0	0.0	0.0	0.0	0.0	0.5009100000000001	0.0016600000000000002	0.0	0.0	0.0
k__Bacteria|p__Firmicutes|c__Negativicutes|o__Veillonellales|f__Veillonellaceae|g__Veillonella|s__Veillonella_sp_T11011_6	0.0	0.0	0.0011	0.01568	0.0	0.0	0.0	0.00772	0.0	0.0	0.0	0.3154	0.30262	0.30241	0.015359999999999999	0.0	0.0	0.0	0.0	0.0	0.0	0.0
k__Bacteria|p__Firmicutes|c__Bacilli|o__Lactobacillales|f__Lactobacillaceae|g__Lactobacillus|s__Lactobacillus_delbrueckii	0.00266	0.0	0.0	0.0	0.0	0.0	0.0	0.0	0.0	0.0	0.0	0.0	0.0	0.0	0.0	0.0	0.0	0.0	0.05845	0.10457000000000001	0.0	0.0
k__Bacteria|p__Bacteroidetes|c__Bacteroidia|o__Bacteroidales|f__Bacteroidaceae|g__Bacteroides|s__Bacteroides_faecis_CAG_32	0.0	0.09483	0.0	0.0	0.0	0.0	0.0	0.0	0.0	0.0	0.0	0.0	0.0	0.0	0.0	0.0	0.0	0.0	0.0	0.0	0.0	0.0
k__Bacteria|p__Actinobacteria|c__Coriobacteriia|o__Coriobacteriales|f__Atopobiaceae|g__Olsenella|s__Olsenella_scatoligenes	0.0	0.0	0.0	0.0	0.00209	0.0	0.0	0.0	0.0	0.0	0.0	0.0	0.0	0.0	0.0	0.0	0.0	0.0	0.0	0.0	0.0	0.0
k__Bacteria|p__Firmicutes|c__Clostridia|o__Clostridiales|f__Eubacteriaceae|g__Eubacterium|s__Eubacterium_coprostanoligenes	0.0	0.0	0.0	0.0	0.0	0.0	0.0	0.0	0.0	0.0	0.01621	0.0	0.0	0.0	0.0	0.0	0.0	0.0	0.0	0.0	0.0	0.0
k__Bacteria|p__Firmicutes|c__Bacilli|o__Lactobacillales|f__Streptococcaceae|g__Streptococcus|s__Streptococcus_thermophilus	0.0	0.0	0.21097	0.0	0.15847999999999998	0.0	0.0	0.0	0.0	0.0792	0.11329000000000002	0.00318	0.0035399999999999997	0.0019199999999999998	0.0	0.0	0.0	0.00626	0.02222	0.04074	0.0	0.0
k__Bacteria|p__Firmicutes|c__Bacilli|o__Lactobacillales|f__Streptococcaceae|g__Streptococcus|s__Streptococcus_gallolyticus	0.0	0.0	0.0	0.01143	0.0	0.0	0.0	0.0	0.0	0.0	0.0	0.0	0.0	0.0	0.0	0.0	0.0	0.0	0.0	0.0	0.0	0.0
k__Bacteria|p__Firmicutes|c__Bacilli|o__Lactobacillales|f__Streptococcaceae|g__Streptococcus|s__Streptococcus_vestibularis	0.00611	0.0	0.00744	0.0	0.021769999999999998	0.0	0.0	0.0	0.0	0.0	0.0	0.0224	0.023209999999999998	0.006509999999999999	0.00141	0.0	0.0	0.0	0.0	0.0	0.0	0.0
k__Bacteria|p__Bacteroidetes|c__Bacteroidia|o__Bacteroidales|f__Bacteroidaceae|g__Bacteroides|s__Bacteroides_xylanisolvens	0.0038799999999999998	0.10862000000000001	0.01703	0.02251	0.14701	0.63179	0.0	4.20729	0.0	0.09663	0.12941	0.0	0.0	0.0	0.0	0.0	0.030610000000000002	0.29591999999999996	0.81329	0.71702	0.0	0.0
k__Bacteria|p__Firmicutes|c__Negativicutes|o__Veillonellales|f__Veillonellaceae|g__Veillonella|s__Veillonella_tobetsuensis	0.0	0.0	0.0	0.0	0.00141	0.0	0.0	0.0	0.0	0.0	0.0	0.0	0.0	0.0	0.0	0.0	0.0	0.0	0.0	0.0	0.0	0.0
k__Bacteria|p__Firmicutes|c__Bacilli|o__Lactobacillales|f__Streptococcaceae|g__Streptococcus|s__Streptococcus_pasteurianus	0.0	0.0	0.0	3.60396	0.0	0.0	0.0	0.0	0.0	0.0	0.0	0.0	0.0	0.0	0.0	0.0	0.0	0.0	0.0	0.0	0.0	0.0
k__Bacteria|p__Bacteroidetes|c__Bacteroidia|o__Bacteroidales|f__Tannerellaceae|g__Parabacteroides|s__Parabacteroides_merdae	1.11515	0.13323	0.39688	0.11829	0.46079	0.18467999999999998	0.0	0.0	0.0	0.6141800000000001	0.0	0.00995	0.0	0.0	0.0	0.0	1.6211	2.1168099999999996	0.25298000000000004	0.2506	0.0	0.0
k__Bacteria|p__Firmicutes|c__Bacilli|o__Lactobacillales|f__Lactobacillaceae|g__Lactobacillus|s__Lactobacillus_paraplantarum	0.00442	0.0	0.0	0.0	0.0	0.0	0.0	0.0	0.0	0.0	0.0	0.00117	0.0	0.0	0.0	0.0	0.0	0.0	0.0	0.0	0.0	0.0
k__Bacteria|p__Bacteroidetes|c__Bacteroidia|o__Bacteroidales|f__Bacteroidaceae|g__Bacteroides|s__Bacteroides_galacturonicus	0.0	0.01399	0.77795	0.0	0.0	0.0	0.0	0.0	0.0	0.0	0.0	0.0	0.0	0.0	0.0	0.0	0.0	0.0	0.0	0.0	0.0	0.0
k__Bacteria|p__Bacteroidetes|c__Bacteroidia|o__Bacteroidales|f__Odoribacteraceae|g__Odoribacter|s__Odoribacter_splanchnicus	0.0	0.0	0.024640000000000002	0.0	0.20548000000000002	0.36841	0.0	0.0	0.0	0.029230000000000003	0.31492	0.00065	0.0	0.0	0.0	0.0	0.10409000000000002	0.64154	1.40941	1.3882299999999999	0.0	0.0
k__Bacteria|p__Firmicutes|c__Bacilli|o__Lactobacillales|f__Streptococcaceae|g__Streptococcus|s__Streptococcus_parasanguinis	0.03369	0.02226	0.67993	0.0	0.54369	0.00903	0.0	0.0	0.0	0.0225	0.027260000000000003	0.18265	0.14468	0.22005999999999998	0.10141	0.0	0.0	0.05297999999999999	0.00458	0.00106	0.0	0.0
k__Bacteria|p__Synergistetes|c__Synergistia|o__Synergistales|f__Synergistaceae|g__Cloacibacillus|s__Cloacibacillus_evryensis	0.0	0.0	0.0	0.0	0.0	0.0	0.0	0.0	0.0	0.0	0.00126	0.0	0.0	0.0	0.0	0.0	0.0	0.0	0.0	0.0	0.0	0.0
k__Bacteria|p__Bacteroidetes|c__Bacteroidia|o__Bacteroidales|f__Bacteroidaceae|g__Bacteroides|s__Bacteroides_stercorirosoris	0.0	0.0	0.0	0.0	0.0	0.0	0.0	0.0	0.0	0.0	0.0	0.0	0.0	0.0	0.0	0.0	0.0	0.0	0.09615	0.10013999999999999	0.0	0.0
k__Bacteria|p__Proteobacteria|c__Betaproteobacteria|o__Burkholderiales|f__Sutterellaceae|g__Turicimonas|s__Turicimonas_muris	0.0	0.0	0.0	0.0	0.0	0.0	0.0	0.17382999999999998	0.0	0.0	0.0	0.0	0.0	0.0	0.0	0.0	0.0	0.00827	0.0	0.0	0.0	0.0
k__Bacteria|p__Bacteroidetes|c__Bacteroidia|o__Bacteroidales|f__Bacteroidaceae|g__Bacteroides|s__Bacteroides_thetaiotaomicron	1.09467	0.01318	0.12677	0.06846000000000001	0.07088	0.78554	0.00554	0.009170000000000001	99.83109	0.026889999999999997	0.25385	6.065580000000001	7.28835	6.792960000000001	0.1487	0.0	0.33249	0.51384	0.82896	0.94871	0.013269999999999999	0.00404
k__Bacteria|p__Actinobacteria|c__Actinobacteria|o__Actinomycetales|f__Actinomycetaceae|g__Actinomyces|s__Actinomyces_sp_ICM47	0.0	0.0	0.0	0.0	0.0	0.007379999999999999	0.0	0.0	0.0	0.0	0.0	0.0	0.0	0.0	0.0	0.0	0.0	0.0	0.0	0.0	0.0	0.0
k__Bacteria|p__Bacteroidetes|c__Bacteroidia|o__Bacteroidales|f__Bacteroidaceae|g__Bacteroides|s__Bacteroides_cellulosilyticus	0.0	0.0	0.0024	0.0	0.12190999999999999	0.05189	0.0	0.0	0.0	0.01324	3.24392	0.00044	0.0	0.00035	0.0	0.0	0.0	0.028260000000000004	0.17262	1.14321	0.0	0.0
k__Bacteria|p__Proteobacteria|c__Gammaproteobacteria|o__Enterobacterales|f__Yersiniaceae|g__Serratia|s__Serratia_liquefaciens	0.0	0.0	0.0	0.0	0.0	0.0	0.0	0.0	0.0	0.0	0.0	0.0	0.0	0.0	0.00286	0.0	1.79925	0.0	0.0	0.0	0.0	0.0
k__Bacteria|p__Firmicutes|c__Negativicutes|o__Veillonellales|f__Veillonellaceae|g__Megasphaera|s__Megasphaera_micronuciformis	0.0	0.0	0.0	0.0	0.0006799999999999999	0.0	0.0	0.0	0.0	0.0	0.0	0.0	0.0	0.0	0.00855	0.0	0.0	0.0	0.0	0.0	0.0	0.0
k__Bacteria|p__Firmicutes|c__Bacilli|o__Lactobacillales|f__Streptococcaceae|g__Streptococcus|s__Streptococcus_anginosus_group	0.0	0.0	0.041280000000000004	0.0	0.0	0.0	0.0	0.0	0.0	0.0	0.00114	0.0	0.0	0.0	0.0	0.0	0.0	0.0	0.0027300000000000002	0.00074	0.0	0.0
k__Bacteria|p__Firmicutes|c__Bacilli|o__Lactobacillales|f__Leuconostocaceae|g__Leuconostoc|s__Leuconostoc_pseudomesenteroides	0.0	0.0	0.0	0.0	0.0	0.0	0.0	0.0	0.0	0.0	0.0	0.0	0.0	0.0	0.0	0.0	0.0	0.0	0.006679999999999999	0.01684	0.0	0.0
k__Bacteria|p__Firmicutes|c__Clostridia|o__Clostridiales|f__Lachnospiraceae|g__Lachnoclostridium|s__Lachnoclostridium_sp_An131	0.0	0.0	0.0	0.0	0.0	0.0	0.0	0.0	0.0	0.0	0.0028699999999999997	0.0	0.0	0.0	0.0	0.0	0.0	0.0	0.0	0.0	0.0	0.0
k__Bacteria|p__Bacteroidetes|c__Bacteroidia|o__Bacteroidales|f__Tannerellaceae|g__Parabacteroides|s__Parabacteroides_johnsonii	0.0	0.01022	0.0	0.03537	0.0	0.02525	0.0	0.0	0.0	0.03126	0.0	0.0	0.0	0.0	0.0	0.0	0.06039	0.0	0.8564	0.77394	0.0	0.0
k__Bacteria|p__Bacteroidetes|c__Bacteroidia|o__Bacteroidales|f__Barnesiellaceae|g__Barnesiella|s__Barnesiella_intestinihominis	1.0186899999999999	0.15795	0.08008	0.0312	0.09882	0.61329	0.0	0.0	0.0	0.38391	1.19875	0.00307	0.00061	0.00286	0.0	0.0	0.0	0.89105	4.97803	5.15689	0.0	0.0
k__Bacteria|p__Bacteroidetes|c__Bacteroidia|o__Bacteroidales|f__Prevotellaceae|g__Paraprevotella|s__Paraprevotella_xylaniphila	0.0	0.16721	0.19261	0.0	0.0	0.0	0.0	0.17535	0.0	0.1079	0.0	0.0	0.0	0.0	0.0	0.0	0.0	0.30164	0.0	0.0	0.0	0.0
k__Bacteria|p__Firmicutes|c__Negativicutes|o__Veillonellales|f__Veillonellaceae|g__Allisonella|s__Allisonella_histaminiformans	0.10142999999999999	0.0	0.0386	0.0	0.045630000000000004	0.00588	0.0	0.0	0.0	0.0	0.0	0.0	0.0	0.0	0.0	0.0	0.0	0.0	0.0	0.0	0.0	0.0
k__Bacteria|p__Firmicutes|c__Bacilli|o__Lactobacillales|f__Lactobacillaceae|g__Lactobacillus|s__Lactobacillus_sanfranciscensis	0.00439	0.0	0.0	0.0	0.0	0.0	0.0	0.0	0.0	0.0	0.0	0.0	0.0	0.0	0.0	0.0	0.0	0.0	0.0	0.0	0.0	0.0
k__Bacteria|p__Actinobacteria|c__Coriobacteriia|o__Coriobacteriales|f__Coriobacteriaceae|g__Enorma|s__Collinsella_massiliensis	0.0	0.0	0.0	0.0	0.0	0.0	0.0	0.0	0.0	0.0	0.0	0.0	0.0	0.0	0.00107	0.0	0.0	0.0	0.0	0.0	0.0	0.0
k__Bacteria|p__Firmicutes|c__Clostridia|o__Clostridiales|f__Lachnospiraceae|g__Lachnoclostridium|s__Lachnoclostridium_sp_An138	0.0	0.0	0.0	0.0	0.0	0.0	0.0	0.0	0.0	0.0007700000000000001	0.0017800000000000001	0.0	0.0	0.0	0.0	0.0	0.0	0.0	0.0	0.0	0.0	0.0
k__Bacteria|p__Bacteroidetes|c__Bacteroidia|o__Bacteroidales|f__Tannerellaceae|g__Parabacteroides|s__Parabacteroides_distasonis	0.58407	0.034089999999999995	0.16797	0.23371999999999998	0.56302	0.8539700000000001	0.007390000000000001	0.01077	0.0	0.34410999999999997	1.77689	4.9066	5.64551	5.17139	2.48703	0.0	0.03007	0.72282	2.3911599999999997	2.4639599999999997	0.0	0.0020399999999999997
k__Bacteria|p__Firmicutes|c__Clostridia|o__Clostridiales|f__Lachnospiraceae|g__Lachnoclostridium|s__Clostridium_clostridioforme	0.02735	0.0	0.0	0.0	0.0	0.0	0.0	0.71607	0.0	0.0	0.0	0.0	0.0	0.0	0.0	0.0	0.0	0.0	0.0	0.0	0.0	0.0
k__Bacteria|p__Actinobacteria|c__Actinobacteria|o__Actinomycetales|f__Actinomycetaceae|g__Actinomyces|s__Actinomyces_sp_S6_Spd3	0.0	0.0	0.0	0.0	0.0	0.0	0.0	0.0	0.0	0.0	0.0	0.0	0.0	0.0	0.0	0.0	0.0	0.00248	0.0	0.0	0.0	0.0
k__Bacteria|p__Bacteroidetes|c__Bacteroidia|o__Bacteroidales|f__Odoribacteraceae|g__Butyricimonas|s__Butyricimonas_synergistica	0.0	0.0	0.0	0.0	0.0201	0.0	0.0	0.0	0.0	0.0053100000000000005	0.0	0.0044399999999999995	0.00084	0.00303	0.0	0.0	0.0	0.0	0.0	0.0	0.0	0.0
k__Bacteria|p__Firmicutes|c__Clostridia|o__Clostridiales|f__Ruminococcaceae|g__Agathobaculum|s__Agathobaculum_butyriciproducens	0.18569000000000002	0.03011	0.54379	0.12749000000000002	0.10011	0.05708	0.0	0.0	0.0	0.08789	0.029330000000000002	0.00195	0.0	0.00072	0.0	0.0	0.0	0.24702	0.68474	0.88175	0.0	0.0
k__Bacteria|p__Firmicutes|c__Clostridia|o__Clostridiales|f__Ruminococcaceae|g__Faecalibacterium|s__Faecalibacterium_prausnitzii	0.00349	15.58124	12.69863	1.347	11.11077	3.76922	0.01011	3.44527	0.00713	6.52233	14.006170000000001	6.88782	7.76202	5.80956	2.9205200000000002	0.02251	0.058910000000000004	14.97805	13.22543	14.18772	0.0	0.00041
k__Bacteria|p__Firmicutes|c__Clostridia|o__Clostridiales|f__Peptostreptococcaceae|g__Clostridioides|s__Clostridioides_difficile	0.0	0.0	0.0	0.0	0.0	0.0	0.0	0.00249	0.0	0.0	0.0	0.01267	0.026760000000000003	0.02132	0.015719999999999998	0.0	0.0	0.0	0.0	0.0	0.0	0.0
k__Bacteria|p__Proteobacteria|c__Betaproteobacteria|o__Burkholderiales|f__Sutterellaceae|g__Sutterella|s__Sutterella_parvirubra	0.00251	0.0	0.0	0.0	0.00821	0.01431	0.0	0.0	0.0	0.0	0.0	0.0	0.0	0.0	0.0	0.0	0.0	0.0	0.0	0.0	0.0	0.0
k__Bacteria|p__Proteobacteria|c__Gammaproteobacteria|o__Pseudomonadales|f__Pseudomonadaceae|g__Pseudomonas|s__Pseudomonas_fragi	0.0	0.0	0.0	0.0	0.0	0.0	0.0	0.0	0.0	0.0	0.03418	0.0	0.0	0.0	0.0	0.0	0.0	0.0	0.0	0.0	0.0	0.0
k__Bacteria|p__Actinobacteria|c__Coriobacteriia|o__Eggerthellales|f__Eggerthellaceae|g__Slackia|s__Slackia_isoflavoniconvertens	0.12170999999999998	0.0	0.0	0.0	0.02675	0.0034200000000000003	0.0	0.0	0.0	0.01406	0.0	0.0005	0.0	0.0	0.0	0.0	0.0	0.0221	0.0	0.0	0.0	0.0
k__Bacteria|p__Bacteroidetes|c__Bacteroidia|o__Bacteroidales|f__Tannerellaceae|g__Parabacteroides|s__Parabacteroides_goldsteinii	0.0	0.0	0.0	0.0	0.0	0.01242	0.0	0.0	0.0	0.0	0.41528999999999994	0.0	0.0	0.0	0.0	0.0	0.0	0.0	0.0	0.0	0.0	0.0
k__Bacteria|p__Actinobacteria|c__Coriobacteriia|o__Coriobacteriales|f__Coriobacteriaceae|g__Collinsella|s__Collinsella_stercoris	0.0018	0.0	0.0	0.0	0.0006	0.0	0.0	0.0	0.0	0.0	0.00044	0.00157	0.00042	0.0018399999999999998	0.00329	0.0	0.0	0.00175	0.00018	0.00018999999999999998	0.0	0.0
k__Bacteria|p__Fusobacteria|c__Fusobacteriia|o__Fusobacteriales|f__Fusobacteriaceae|g__Fusobacterium|s__Fusobacterium_sp_CAG_439	0.0	0.0	0.0	0.0	0.0	0.0	0.0	0.0	0.0	0.0	0.0	0.0	0.0	0.0	0.0	0.0	0.20756	0.0	0.0	0.0	0.0	0.0
k__Bacteria|p__Actinobacteria|c__Coriobacteriia|o__Eggerthellales|f__Eggerthellaceae|g__Gordonibacter|s__Gordonibacter_pamelaeae	0.0	0.0	0.0	0.0	0.0	0.0	0.0	0.0	0.0	0.0	0.0	0.0	0.0	0.0	0.03222	0.0	0.0	0.0053	0.04105	0.052770000000000004	0.0	0.0
k__Bacteria|p__Proteobacteria|c__Gammaproteobacteria|o__Pasteurellales|f__Pasteurellaceae|g__Haemophilus|s__Haemophilus_sputorum	0.0	0.0	0.0	0.0	0.03734	0.0	0.0	0.0	0.0	0.0	0.0	0.0	0.0	0.0	0.0	0.0	0.0	0.0	0.0	0.0	0.0	0.0
k__Bacteria|p__Firmicutes|c__Clostridia|o__Clostridiales|f__Ruminococcaceae|g__Ruminococcaceae_unclassified|s__Clostridium_leptum	0.0	0.0	0.0	0.0	0.0	0.0	0.0	0.0	0.0	0.00105	0.01433	0.0	0.0	0.0	0.0	0.0	0.0	0.0	0.006840000000000001	0.00806	0.0	0.0
k__Bacteria|p__Actinobacteria|c__Actinobacteria|o__Micrococcales|f__Microbacteriaceae|g__Clavibacter|s__Clavibacter_michiganensis	0.0	0.0	0.0	0.0	0.0	0.0	0.0	0.0	0.0	0.0	0.0	0.0	0.0	0.0	0.0	0.0	0.0	0.0	0.0	0.00379	0.0	0.0
k__Bacteria|p__Firmicutes|c__Clostridia|o__Clostridiales|f__Clostridiales_unclassified|g__Monoglobus|s__Monoglobus_pectinilyticus	0.0	0.0	0.0	0.0	0.0	0.0	0.0	0.0	0.0	0.0	0.09197999999999999	0.0	0.0	0.0	0.0	0.0	0.0	0.0	0.0	0.0	0.0	0.0
k__Bacteria|p__Firmicutes|c__Erysipelotrichia|o__Erysipelotrichales|f__Erysipelotrichaceae|g__Holdemania|s__Holdemania_filiformis	0.0	0.0	0.0	0.0	0.0	0.0	0.0	0.0	0.0	0.07433	0.0	0.0	0.0	0.0	0.0	0.0	0.0	0.0031899999999999997	0.0	0.0	0.0	0.0
k__Bacteria|p__Proteobacteria|c__Gammaproteobacteria|o__Enterobacterales|f__Enterobacteriaceae|g__Escherichia|s__Escherichia_coli	0.1295	0.08938	0.0252	21.11262	0.026000000000000002	15.509570000000002	76.77833000000001	3.6455599999999997	0.00643	0.08471000000000001	1.5312	41.239940000000004	34.0572	39.43809	4.691	0.01602	0.1067	0.006529999999999999	0.0	0.0078	0.00683	0.02475
k__Bacteria|p__Actinobacteria|c__Coriobacteriia|o__Eggerthellales|f__Eggerthellaceae|g__Asaccharobacter|s__Asaccharobacter_celatus	0.0	0.0	0.0	0.0	0.007209999999999999	0.0	0.0	0.0	0.0	0.00892	0.0	0.0	0.0	0.0	0.0	0.0	0.0	0.00086	0.00883	0.0109	0.0	0.0
k__Bacteria|p__Actinobacteria|c__Actinobacteria|o__Actinomycetales|f__Actinomycetaceae|g__Actinomyces|s__Actinomyces_odontolyticus	0.0	0.0	0.0	0.0	0.0	0.0	0.0	0.0	0.0	0.0	0.00011	0.00586	0.0017100000000000001	0.0030399999999999997	0.0	0.0	0.0	0.0	0.0	0.00021	0.0	0.0
k__Bacteria|p__Firmicutes|c__Clostridia|o__Clostridiales|f__Ruminococcaceae|g__Ruminococcaceae_unclassified|s__Eubacterium_siraeum	0.0	0.00298	0.44161999999999996	0.0	4.5489999999999995	0.0	0.0	0.0	0.0	0.0017	11.49334	0.0	0.0	0.00023999999999999998	0.0	0.0	0.0	0.13669	0.6461399999999999	0.7814300000000001	0.0	0.0
k__Bacteria|p__Firmicutes|c__Clostridia|o__Clostridiales|f__Peptostreptococcaceae|g__Intestinibacter|s__Intestinibacter_bartlettii	0.0	0.0	0.0	0.0	0.0	0.0	0.0	0.01924	0.0	0.0	0.0	0.00432	0.00713	0.00563	0.03047	0.0	0.0	0.0	0.0	0.0	0.0	0.0
k__Bacteria|p__Actinobacteria|c__Actinobacteria|o__Actinomycetales|f__Actinomycetaceae|g__Actinomyces|s__Actinomyces_sp_HMSC035G02	0.0	0.0	0.0	0.0	0.0	0.0	0.0	0.0	0.0	0.0	0.0	0.0021	0.0013	0.00125	0.0	0.0	0.0	0.0	0.0	0.0	0.0	0.0
k__Bacteria|p__Proteobacteria|c__Gammaproteobacteria|o__Pasteurellales|f__Pasteurellaceae|g__Haemophilus|s__Haemophilus_pittmaniae	0.0	0.0	0.0	0.0	0.03645	0.0	0.0	0.0	0.0	0.0	0.0	0.0	0.0	0.0	0.0	0.0	0.0	0.0	0.0	0.0	0.0	0.0
k__Bacteria|p__Firmicutes|c__Clostridia|o__Clostridiales|f__Lachnospiraceae|g__Fusicatenibacter|s__Fusicatenibacter_saccharivorans	5.5308	5.13863	3.1051	0.13546	4.31091	1.66409	0.01425	5.72366	0.0	4.28906	2.0224599999999997	0.01647	0.008579999999999999	0.01436	0.0	0.0	0.041030000000000004	2.23842	8.32612	7.27721	0.0	0.0
k__Bacteria|p__Proteobacteria|c__Gammaproteobacteria|o__Enterobacterales|f__Enterobacteriaceae|g__Klebsiella|s__Klebsiella_oxytoca	0.0	0.0	0.0	0.0	0.0	0.0	0.0394	0.0	0.0	0.0	0.0	0.41981	0.39431	0.38856	0.10903	0.0	0.0	0.00385	0.0	0.0	0.0	0.0
k__Bacteria|p__Firmicutes|c__Clostridia|o__Clostridiales|f__Lachnospiraceae|g__Lachnospiraceae_unclassified|s__Eubacterium_rectale	15.752279999999999	28.57978	18.06074	0.00259	9.93075	5.77224	0.00139	13.29985	0.0244	4.80652	2.59891	0.01229	0.02069	0.013630000000000001	24.87153	0.00935	0.09017	6.767810000000001	1.6394799999999998	1.23204	0.039760000000000004	0.00757
k__Bacteria|p__Firmicutes|c__Clostridia|o__Clostridiales|f__Ruminococcaceae|g__Ruthenibacterium|s__Ruthenibacterium_lactatiformans	0.39466	0.0	0.00852	0.0	0.00346	0.0	0.0	0.0	0.0	0.14252	0.14343	0.0009599999999999999	0.0	0.0	0.0	0.0	0.14115	0.03148	0.40715999999999997	0.21623	0.0	0.0
k__Bacteria|p__Actinobacteria|c__Coriobacteriia|o__Coriobacteriales|f__Coriobacteriaceae|g__Collinsella|s__Collinsella_aerofaciens	0.5089600000000001	0.06137000000000001	0.15534	0.20461	0.2867	0.10186	0.0	0.0	0.0	0.19055999999999998	0.39701	0.50193	0.32524000000000003	0.51047	3.1225099999999997	0.0	0.00865	0.57291	0.10274000000000001	0.17892	0.0	0.0
k__Bacteria|p__Proteobacteria|c__Gammaproteobacteria|o__Pseudomonadales|f__Pseudomonadaceae|g__Pseudomonas|s__Pseudomonas_sp_PGPPP1	0.0	0.0	0.0	0.0	0.0	0.0	0.0	0.0	0.0	0.0	0.0	0.0	0.0	0.0	0.0	0.0	0.02903	0.0	0.0	0.0	0.0	0.0
k__Bacteria|p__Proteobacteria|c__Betaproteobacteria|o__Burkholderiales|f__Oxalobacteraceae|g__Oxalobacter|s__Oxalobacter_formigenes	0.0	0.0	0.0	0.0	0.0	0.0	0.0	0.0	0.0	0.011940000000000001	0.03347	0.0	0.0	0.0	0.0	0.0	0.0	0.0	0.0	0.0	0.0	0.0
k__Bacteria|p__Proteobacteria|c__Gammaproteobacteria|o__Enterobacterales|f__Enterobacteriaceae|g__Enterobacter|s__Enterobacter_mori	0.0	0.0	0.0	0.0	0.0	0.0	0.0	0.0	0.0	0.0	0.0	0.00442	0.0	0.00157	0.0	0.0	0.0	0.0039299999999999995	0.0	0.0	0.0	0.0
k__Bacteria|p__Firmicutes|c__Erysipelotrichia|o__Erysipelotrichales|f__Erysipelotrichaceae|g__Holdemanella|s__Holdemanella_biformis	0.05058	0.0	0.06056	0.0	0.0	0.0	0.0	0.0	0.0	0.05511	0.0	0.0	0.0	0.0	0.0	0.0	0.0	0.0	0.0	0.0	0.0	0.0
k__Bacteria|p__Firmicutes|c__Clostridia|o__Clostridiales|f__Peptostreptococcaceae|g__Paeniclostridium|s__Paeniclostridium_sordellii	0.0	0.0	0.0	0.32589	0.0	0.0	0.09623	0.0	0.0	0.0	0.0	0.0	0.0	0.0	0.0	0.0	0.0	0.0	0.0	0.0	0.0	0.0
k__Bacteria|p__Proteobacteria|c__Gammaproteobacteria|o__Pseudomonadales|f__Pseudomonadaceae|g__Pseudomonas|s__Pseudomonas_yamanorum	0.0	0.0	0.0	0.0	0.0	0.0	0.0	0.0	0.0	0.0	0.0	0.0	0.0	0.0	0.0	0.0	0.03282	0.0	0.0	0.0	0.0	0.0
k__Bacteria|p__Proteobacteria|c__Gammaproteobacteria|o__Pasteurellales|f__Pasteurellaceae|g__Haemophilus|s__Haemophilus_sp_HMSC71H05	0.0	0.0	0.0	0.0	0.01184	0.0	0.0	0.0	0.0	0.0	0.0	0.0	0.0	0.0	0.0	0.0	0.0	0.0	0.0	0.0	0.0	0.0
k__Bacteria|p__Proteobacteria|c__Gammaproteobacteria|o__Enterobacterales|f__Enterobacteriaceae|g__Citrobacter|s__Citrobacter_youngae	0.0	0.0	0.0	0.13093	0.0	0.0	0.00458	0.0	0.0	0.0	0.0	0.34048	0.23779	0.3146	0.05644	0.0	5.73463	0.00447	0.003	0.0	93.15033000000001	0.0
k__Bacteria|p__Proteobacteria|c__Gammaproteobacteria|o__Enterobacterales|f__Enterobacteriaceae|g__Citrobacter|s__Citrobacter_braakii	0.0	0.0	0.0	0.0	0.0	0.0	0.0	0.0	0.0	0.0	0.0	0.00395	0.0	0.00297	0.0	0.0	0.0	0.0	0.0	0.0	0.0	0.0
k__Bacteria|p__Actinobacteria|c__Coriobacteriia|o__Eggerthellales|f__Eggerthellaceae|g__Adlercreutzia|s__Adlercreutzia_equolifaciens	0.0	0.0	0.0	0.0	0.00592	0.0	0.0	0.0	0.0	0.02246	0.0	0.0	0.0	0.0	0.0	0.0	0.0	0.00412	0.03388	0.04571	0.0	0.0
k__Bacteria|p__Proteobacteria|c__Gammaproteobacteria|o__Pseudomonadales|f__Moraxellaceae|g__Acinetobacter|s__Acinetobacter_johnsonii	0.0	0.0	0.0	0.0	0.0	0.0	0.0	0.0	0.0	0.0	0.0	0.03259	0.02514	0.036000000000000004	0.0	0.0	0.0	0.0	0.0	0.0	0.0	0.0
k__Bacteria|p__Firmicutes|c__Erysipelotrichia|o__Erysipelotrichales|f__Erysipelotrichaceae|g__Turicibacter|s__Turicibacter_sanguinis	0.0	0.0	0.0	0.0	0.0	0.0	0.0	0.0	0.0	0.0	0.00394	0.0029100000000000003	0.00063	0.0032700000000000003	0.0	0.0	0.0	0.0	0.0	0.0	0.0	0.0
k__Bacteria|p__Firmicutes|c__Clostridia|o__Clostridiales|f__Ruminococcaceae|g__Pseudoflavonifractor|s__Pseudoflavonifractor_sp_An184	0.0	0.0	0.0	0.0	0.0	0.0	0.0	0.0	0.0	0.0	0.00156	0.0	0.0	0.0	0.0	0.0	0.0	0.0	0.0014	0.0	0.0	0.0
k__Bacteria|p__Proteobacteria|c__Gammaproteobacteria|o__Enterobacterales|f__Enterobacteriaceae|g__Citrobacter|s__Citrobacter_farmeri	0.0	0.0	0.0	0.0	0.0	0.0	0.0	0.0	0.0	0.0	0.0	0.0	0.0	0.0	0.006690000000000001	0.0	0.0	0.0	0.0	0.0	0.0	0.0
k__Bacteria|p__Proteobacteria|c__Gammaproteobacteria|o__Enterobacterales|f__Enterobacteriaceae|g__Klebsiella|s__Klebsiella_variicola	0.0	0.0	0.0	0.0	0.0	0.02279	0.0	0.0149	0.0	0.0	0.0	0.48978999999999995	0.33208000000000004	0.37398000000000003	0.01652	0.0	0.0	0.01349	0.0	0.0	0.0	0.0
k__Bacteria|p__Firmicutes|c__Negativicutes|o__Acidaminococcales|f__Acidaminococcaceae|g__Acidaminococcus|s__Acidaminococcus_intestini	0.0	0.00489	0.0	0.16362000000000002	0.18808	0.23526999999999998	0.02825	7.762410000000001	0.0	0.0	0.0	0.0	0.0	0.0	0.0	0.0	0.0	0.0	0.0	0.0	0.0	0.0
k__Bacteria|p__Proteobacteria|c__Gammaproteobacteria|o__Enterobacterales|f__Enterobacteriaceae|g__Klebsiella|s__Klebsiella_pneumoniae	0.0	0.0	0.0	0.0	0.0	0.16727999999999998	0.0	0.32013	0.0	0.0	0.0	1.67782	1.31851	1.49078	0.09169	0.0	0.0	0.15893	0.0	0.0	0.0	0.0
k__Bacteria|p__Proteobacteria|c__Gammaproteobacteria|o__Enterobacterales|f__Enterobacteriaceae|g__Citrobacter|s__Citrobacter_freundii	0.0	0.0	0.0	0.0	0.0	0.0	0.01294	0.0	0.0	0.0	0.0	0.47007	0.37562	0.43882	0.07407000000000001	0.0	0.0	0.0	0.0	0.0	0.0	0.0
k__Bacteria|p__Firmicutes|c__Erysipelotrichia|o__Erysipelotrichales|f__Erysipelotrichaceae|g__Erysipelothrix|s__Erysipelothrix_larvae	0.0	0.0	0.0	0.0	0.0	0.0	0.0	0.0	0.0	0.0	0.0	0.0	0.0	0.0	0.00373	0.0	0.0	0.0	0.0	0.0	0.0	0.0
k__Bacteria|p__Verrucomicrobia|c__Verrucomicrobiae|o__Verrucomicrobiales|f__Akkermansiaceae|g__Akkermansia|s__Akkermansia_muciniphila	0.0	0.01371	0.0	0.22193000000000002	0.01001	0.0	0.0	0.0	0.0	0.0	2.74658	0.020659999999999998	0.00892	0.015969999999999998	0.00471	0.0	0.36671	0.06239	3.74445	2.43411	0.0	0.0
k__Eukaryota|p__Ascomycota|c__Saccharomycetes|o__Saccharomycetales|f__Saccharomycetaceae|g__Saccharomyces|s__Saccharomyces_cerevisiae	0.0	0.0	0.0	0.0	0.0	0.0	0.0	0.0	0.0	0.0	0.0018899999999999998	0.0	0.0	0.0	0.0	0.0	0.0	0.0	0.0	0.0	0.0	0.0
k__Bacteria|p__Firmicutes|c__Clostridia|o__Clostridiales|f__Ruminococcaceae|g__Anaeromassilibacillus|s__Anaeromassilibacillus_sp_An250	0.0	0.0	0.0	0.0	0.00244	0.0	0.0	0.0	0.0	0.023880000000000002	0.0277	0.0	0.0	0.0	0.0	0.0	0.0	0.0009699999999999999	0.05645	0.046130000000000004	0.0	0.0
k__Bacteria|p__Proteobacteria|c__Gammaproteobacteria|o__Enterobacterales|f__Enterobacteriaceae|g__Citrobacter|s__Citrobacter_pasteurii	0.0	0.0	0.0	0.0	0.0	0.0	0.0	0.0	0.0	0.0	0.0	0.010329999999999999	0.0	0.0	0.0	0.0	0.0	0.0	0.0	0.0	0.0	0.0
k__Bacteria|p__Actinobacteria|c__Actinobacteria|o__Actinomycetales|f__Actinomycetaceae|g__Actinomyces|s__Actinomyces_sp_oral_taxon_181	0.0	0.0	0.0	0.0	0.0	0.0	0.0	0.0	0.0	0.0	0.0	0.00625	0.00281	0.0039299999999999995	0.0	0.0	0.0	0.0	0.0	0.0	0.0	0.0
k__Bacteria|p__Proteobacteria|c__Gammaproteobacteria|o__Enterobacterales|f__Enterobacteriaceae|g__Citrobacter|s__Citrobacter_europaeus	0.0	0.0	0.0	0.0	0.0	0.0	0.0	0.0	0.0	0.0	0.0	1.01716	0.9627899999999999	1.20345	0.02371	0.0	0.0	0.0	0.0	0.0	0.0	0.0
k__Bacteria|p__Actinobacteria|c__Actinobacteria|o__Bifidobacteriales|f__Bifidobacteriaceae|g__Aeriscardovia|s__Aeriscardovia_aeriphila	0.00285	0.0	0.0	0.0	0.0	0.0	0.0	0.0	0.0	0.0	0.0	0.0	0.0	0.0	0.0	0.0	0.0	0.0	0.0	0.0	0.0	0.0
k__Bacteria|p__Firmicutes|c__Clostridia|o__Clostridiales|f__Ruminococcaceae|g__Pseudoflavonifractor|s__Pseudoflavonifractor_capillosus	0.0	0.0	0.0	0.0	0.0	0.0	0.0	0.0	0.0	0.0	0.0	0.0	0.0	0.0	0.0	0.0	0.0	0.0	0.01642	0.02132	0.0	0.0
k__Bacteria|p__Actinobacteria|c__Actinobacteria|o__Propionibacteriales|f__Propionibacteriaceae|g__Cutibacterium|s__Cutibacterium_acnes	0.0	0.0	0.0	0.0	0.0	0.0	0.0	0.0	0.04364	0.0003	0.0	0.00336	1.84528	0.04017	0.00093	0.0	0.08091	0.0	0.0	0.004520000000000001	0.0	21.75829
k__Bacteria|p__Proteobacteria|c__Gammaproteobacteria|o__Pasteurellales|f__Pasteurellaceae|g__Aggregatibacter|s__Aggregatibacter_segnis	0.0	0.0	0.016309999999999998	0.0	0.0	0.0	0.0	0.0	0.0	0.0	0.0	0.0	0.0	0.0	0.0	0.0	0.0	0.0	0.0	0.0	0.0	0.0
k__Bacteria|p__Actinobacteria|c__Actinobacteria|o__Bifidobacteriales|f__Bifidobacteriaceae|g__Bifidobacterium|s__Bifidobacterium_breve	0.00902	0.0	0.0	0.32086	0.0	0.0	0.0	0.00322	0.0	0.0	0.01068	0.04552	0.02507	0.04494	5.77351	0.0	0.00227	0.0	0.0	0.0	0.0	0.0
k__Bacteria|p__Proteobacteria|c__Gammaproteobacteria|o__Pasteurellales|f__Pasteurellaceae|g__Haemophilus|s__Haemophilus_parainfluenzae	0.00418	0.0	0.33303	0.0	0.3459	0.0	0.0	0.0	0.0	0.0017	0.0	0.01519	0.0191	0.0223	0.00249	0.0	0.0	0.00477	0.0	0.0	0.0	0.0
k__Bacteria|p__Proteobacteria|c__Gammaproteobacteria|o__Enterobacterales|f__Enterobacteriaceae|g__Citrobacter|s__Citrobacter_werkmanii	0.0	0.0	0.0	0.0	0.0	0.0	0.0	0.0	0.0	0.0	0.0	0.028030000000000003	0.02351	0.028480000000000002	0.00085	0.0	0.025710000000000004	0.0	0.0	0.0	0.0	0.0
k__Bacteria|p__Proteobacteria|c__Gammaproteobacteria|o__Enterobacterales|f__Enterobacteriaceae|g__Leclercia|s__Leclercia_adecarboxylata	0.0	0.0	0.0	0.0	0.0	0.0	0.0	0.0	0.0	0.0	0.0	0.00101	0.0	0.0012699999999999999	0.0	0.0	0.0	0.0	0.0	0.0	0.0	0.0
k__Bacteria|p__Actinobacteria|c__Actinobacteria|o__Bifidobacteriales|f__Bifidobacteriaceae|g__Bifidobacterium|s__Bifidobacterium_longum	0.57117	0.16024000000000002	0.00646	0.9234	0.01213	0.02497	0.07627	0.07252	0.021830000000000002	0.02613	1.526	14.40359	8.635069999999999	13.637960000000001	12.2642	0.00249	0.33465	0.12359	0.73769	0.95816	0.01741	0.00481
k__Bacteria|p__Bacteroidetes|c__Bacteroidia|o__Bacteroidales|f__Porphyromonadaceae|g__Sanguibacteroides|s__Sanguibacteroides_justesenii	0.0	0.0	0.0	0.0	0.0044	0.0	0.0	0.0	0.0	0.0	0.00471	0.0	0.0	0.0	0.0	0.0	0.0	0.0	0.0	0.0	0.0	0.0
k__Bacteria|p__Proteobacteria|c__Deltaproteobacteria|o__Desulfovibrionales|f__Desulfovibrionaceae|g__Bilophila|s__Bilophila_wadsworthia	0.0	0.0	0.0	0.0	0.0	0.0036	0.0	0.01652	0.0	0.06507	0.10475999999999999	0.0	0.0	0.0	0.0	0.0	0.0024100000000000002	0.06479	0.01566	0.01402	0.0	0.0
k__Bacteria|p__Proteobacteria|c__Gammaproteobacteria|o__Enterobacterales|f__Enterobacteriaceae|g__Klebsiella|s__Klebsiella_michiganensis	0.0	0.0	0.0	0.0	0.0	0.0	0.013640000000000001	0.0	0.0	0.0	0.0	0.00445	0.00673	0.00387	0.012190000000000001	0.0	0.0	0.0	0.0	0.0	0.0	0.0
k__Bacteria|p__Actinobacteria|c__Actinobacteria|o__Bifidobacteriales|f__Bifidobacteriaceae|g__Bifidobacterium|s__Bifidobacterium_dentium	0.0	0.0	0.0	0.22891999999999998	0.0	0.0	0.0	0.0	0.0	0.0	0.015309999999999999	0.0	0.0	0.0	0.00299	0.0	0.0	0.0	0.0	0.0	0.0	0.0
k__Bacteria|p__Actinobacteria|c__Actinobacteria|o__Bifidobacteriales|f__Bifidobacteriaceae|g__Bifidobacterium|s__Bifidobacterium_bifidum	0.0039	0.15191	0.0	0.9895799999999999	0.060489999999999995	0.0	0.04381	0.0	0.0	0.0	0.28681999999999996	0.005520000000000001	0.0017100000000000001	0.00442	6.735130000000001	0.0	0.0012699999999999999	0.13259	0.0027	0.0	0.0	0.0
k__Bacteria|p__Firmicutes|c__Erysipelotrichia|o__Erysipelotrichales|f__Erysipelotrichaceae|g__Coprobacillus|s__Coprobacillus_cateniformis	0.00473	0.0	0.0	0.0	0.0	0.0	0.0	0.0	0.0	0.0	0.20219	0.0	0.0	0.0	0.13589	0.0	0.0	0.0	0.046939999999999996	0.00185	0.0	0.0
k__Bacteria|p__Proteobacteria|c__Gammaproteobacteria|o__Enterobacterales|f__Enterobacteriaceae|g__Citrobacter|s__Citrobacter_amalonaticus	0.0	0.0	0.0	0.0	0.0	0.0	0.0	0.0	0.0	0.0	0.0	0.11967	0.10347	0.1028	0.00734	0.0	0.0	0.0	0.0	0.0	0.0	0.0
k__Bacteria|p__Firmicutes|c__Clostridia|o__Clostridiales|f__Clostridiales_unclassified|g__Lawsonibacter|s__Lawsonibacter_asaccharolyticus	0.8998200000000001	0.01593	0.01778	0.28193	0.007909999999999999	0.02264	0.0	0.0	0.0	0.05964	0.06281	0.0	0.0	0.0	0.0	0.0	0.0	0.00049	0.15754	0.15749000000000002	0.0	0.0
k__Bacteria|p__Actinobacteria|c__Actinobacteria|o__Bifidobacteriales|f__Bifidobacteriaceae|g__Bifidobacterium|s__Bifidobacterium_animalis	1.01073	0.0	0.0	0.0	0.0	0.0	0.0	0.0	0.0	0.00247	0.0	0.0	0.0	0.0	0.91138	0.0	0.0	0.0	0.0	0.0	0.0	0.0
k__Bacteria|p__Proteobacteria|c__Deltaproteobacteria|o__Desulfovibrionales|f__Desulfovibrionaceae|g__Desulfovibrio|s__Desulfovibrio_piger	0.0	0.0335	0.0	0.0	0.30464	0.0	0.0	0.0	0.0	0.0	0.7371300000000001	0.0011099999999999999	0.0	0.0	0.0	0.0	0.0	0.00206	0.0	0.0	0.0	0.0
k__Bacteria|p__Actinobacteria|c__Actinobacteria|o__Bifidobacteriales|f__Bifidobacteriaceae|g__Bifidobacterium|s__Bifidobacterium_angulatum	0.0	0.0044	0.0	0.0	0.0014199999999999998	0.0	0.0	0.0	0.0	0.0903	0.0	0.0	0.0	0.0	0.19752999999999998	0.0	0.0	0.0	0.0	0.0	0.0	0.0
k__Bacteria|p__Proteobacteria|c__Gammaproteobacteria|o__Enterobacterales|f__Enterobacteriaceae|g__Klebsiella|s__Klebsiella_quasipneumoniae	0.0	0.0	0.0	0.0	0.0	0.03159	0.0	0.0152	0.0	0.0	0.0	0.13765	0.09018	0.10879000000000001	0.01457	0.0	0.0	0.02181	0.0	0.0	0.0	0.0
k__Bacteria|p__Firmicutes|c__Erysipelotrichia|o__Erysipelotrichales|f__Erysipelotrichaceae|g__Catenibacterium|s__Catenibacterium_mitsuokai	1.1790200000000002	0.06527000000000001	0.0	0.0	0.0	0.0	0.0	0.0	0.0	0.10414000000000001	0.0	0.0	0.0	0.0	0.0	0.0	0.0	0.0	0.0	0.0	0.0	0.0
k__Bacteria|p__Proteobacteria|c__Gammaproteobacteria|o__Enterobacterales|f__Enterobacteriaceae|g__Citrobacter|s__Citrobacter_portucalensis	0.0	0.0	0.0	0.0	0.0	0.0	0.0	0.0	0.0	0.0	0.0	0.00864	0.0060799999999999995	0.00688	0.00659	0.0	0.39535	0.0	0.0	0.0	6.67328	0.0
k__Bacteria|p__Proteobacteria|c__Gammaproteobacteria|o__Enterobacterales|f__Enterobacteriaceae|g__Atlantibacter|s__Atlantibacter_hermannii	0.0	0.0	0.0	0.0	0.0	0.0	0.0	0.0	0.0	0.0	0.0	0.0651	0.05968	0.06398	0.0	0.0	0.0	0.0	0.0	0.0	0.0	0.0
k__Bacteria|p__Proteobacteria|c__Gammaproteobacteria|o__Pseudomonadales|f__Pseudomonadaceae|g__Pseudomonas|s__Pseudomonas_fluorescens_group	0.0	0.0	0.0	0.0	0.0	0.0	0.0	0.0	0.0	0.0	0.0	0.0	0.0	0.0	0.0	0.0	0.0311	0.0	0.0	0.0	0.0	0.0
k__Bacteria|p__Firmicutes|c__Clostridia|o__Clostridiales|f__Clostridiales_unclassified|g__Intestinimonas|s__Intestinimonas_butyriciproducens	0.22873000000000002	0.0	0.0	0.0	0.0	0.0	0.0	0.0	0.0	0.00496	0.00186	0.0	0.0	0.0	0.0	0.0	0.0	0.01187	0.06942000000000001	0.0703	0.0	0.0
k__Bacteria|p__Firmicutes|c__Erysipelotrichia|o__Erysipelotrichales|f__Erysipelotrichaceae|g__Erysipelatoclostridium|s__Clostridium_innocuum	0.015059999999999999	0.0	0.0	0.0	0.0	0.0	0.0	0.01198	0.0	0.0	0.0	0.00399	0.00175	0.00533	0.00511	0.0	0.0	0.0	0.0	0.00044	0.0	0.0
k__Bacteria|p__Proteobacteria|c__Gammaproteobacteria|o__Pasteurellales|f__Pasteurellaceae|g__Haemophilus|s__Haemophilus_paraphrohaemolyticus	0.0	0.0	0.01583	0.0	0.0	0.0	0.0	0.0	0.0	0.0	0.0	0.0	0.0	0.0	0.0	0.0	0.0	0.0	0.0	0.0	0.0	0.0
k__Bacteria|p__Actinobacteria|c__Actinobacteria|o__Bifidobacteriales|f__Bifidobacteriaceae|g__Bifidobacterium|s__Bifidobacterium_catenulatum	0.3225	0.0	0.0	0.08564	0.0	0.0	0.02416	0.0	0.0	0.0047799999999999995	0.0038399999999999997	0.0	0.0	0.0	0.0	0.0	0.0	0.0356	0.0	0.0	0.0	0.0
k__Bacteria|p__Proteobacteria|c__Epsilonproteobacteria|o__Campylobacterales|f__Campylobacteraceae|g__Campylobacter|s__Campylobacter_concisus	0.0	0.0	0.0	0.0	0.0009	0.0	0.0	0.0	0.0	0.0	0.0	0.00013000000000000002	0.0	0.0	0.0	0.0	0.0	0.0	0.0	0.0	0.0	0.0
k__Bacteria|p__Actinobacteria|c__Actinobacteria|o__Bifidobacteriales|f__Bifidobacteriaceae|g__Bifidobacterium|s__Bifidobacterium_adolescentis	0.00361	0.47042	0.01138	0.0	0.14319	0.0	0.0	0.0	0.0	0.0	1.6925400000000002	0.015430000000000001	0.00492	0.00893	0.0	0.0	0.0	0.31956999999999997	0.029580000000000002	0.009009999999999999	0.0	0.0
k__Bacteria|p__Firmicutes|c__Clostridia|o__Clostridiales|f__Eubacteriaceae|g__Eubacteriaceae_unclassified|s__Eubacteriaceae_bacterium_CHKCI005	0.0	0.0	0.0	0.0	0.0	0.0	0.0	0.0	0.0	0.0	0.00074	0.0	0.0	0.0	0.0	0.0	0.0	0.0	0.0	0.0	0.0	0.0
k__Bacteria|p__Proteobacteria|c__Gammaproteobacteria|o__Enterobacterales|f__Enterobacteriaceae|g__Enterobacter|s__Enterobacter_cloacae_complex	0.0	0.0	0.0	0.0	0.0	0.0	0.0	0.0	0.0	0.0	0.00571	0.0717	0.04295	0.08046	0.01999	0.0	0.0	0.17232	0.0	0.0	0.0	0.0
k__Bacteria|p__Firmicutes|c__Erysipelotrichia|o__Erysipelotrichales|f__Erysipelotrichaceae|g__Erysipelatoclostridium|s__Clostridium_spiroforme	0.0	0.0	0.0	0.0	0.0	0.0	0.0	0.0	0.0	0.0	0.0	0.0	0.0	0.0	0.0	0.0	0.0	0.0	0.008759999999999999	0.0	0.0	0.0
k__Bacteria|p__Proteobacteria|c__Betaproteobacteria|o__Burkholderiales|f__Sutterellaceae|g__Parasutterella|s__Parasutterella_excrementihominis	0.00758	0.0	0.0	0.0	0.015319999999999999	0.0004	0.0	1.11163	0.0	0.0	0.01832	0.0	0.0	0.0	0.0	0.0	0.0139	0.30861	0.07253	0.09043	0.0	0.0
k__Bacteria|p__Actinobacteria|c__Actinobacteria|o__Bifidobacteriales|f__Bifidobacteriaceae|g__Bifidobacterium|s__Bifidobacterium_kashiwanohense	0.00851	0.0	0.0	0.18274	0.0	0.0	0.0	0.0	0.0	0.0	0.0028399999999999996	0.1052	0.08384	0.12385	4.99976	0.0	0.0	0.0	0.0	0.0	0.0	0.0
k__Archaea|p__Euryarchaeota|c__Methanobacteria|o__Methanobacteriales|f__Methanobacteriaceae|g__Methanobrevibacter|s__Methanobrevibacter_smithii	0.0	0.14198	0.0	0.0	0.08595	0.0	0.0	0.0	0.0	0.0	0.9164	0.0	0.0	0.0	0.0	0.0	0.0	0.0004	0.0	0.0	0.0	0.0
k__Bacteria|p__Firmicutes|c__Negativicutes|o__Acidaminococcales|f__Acidaminococcaceae|g__Phascolarctobacterium|s__Phascolarctobacterium_faecium	0.23443000000000003	0.0	0.0	0.27931999999999996	0.0	0.12989	0.0	0.0	0.0	0.0	0.11187000000000001	0.0	0.0	0.0	0.0	0.0	0.0	0.0	1.33721	0.61255	0.0	0.0
k__Bacteria|p__Firmicutes|c__Negativicutes|o__Acidaminococcales|f__Acidaminococcaceae|g__Phascolarctobacterium|s__Phascolarctobacterium_sp_CAG_266	1.8317	0.0	0.0	0.0	0.27583	0.0	0.0	0.0	0.0	0.0	0.0	0.0	0.0	0.0	0.0	0.0	0.0	0.0	0.0	0.0	0.0	0.0
k__Bacteria|p__Actinobacteria|c__Actinobacteria|o__Bifidobacteriales|f__Bifidobacteriaceae|g__Bifidobacterium|s__Bifidobacterium_pseudocatenulatum	0.0	0.0	0.0	2.18298	0.0	0.00133	0.06213	0.02513	0.0	0.03735	0.00403	0.00543	0.00231	0.0035	5.385269999999999	0.0	0.0	0.0	0.92966	0.94521	0.00145	0.0
k__Bacteria|p__Firmicutes|c__Negativicutes|o__Acidaminococcales|f__Acidaminococcaceae|g__Phascolarctobacterium|s__Phascolarctobacterium_succinatutens	0.0	0.00734	2.72459	0.0	0.0	0.0	0.0	0.0	0.0	26.427559999999996	0.00435	0.0	0.0	0.0	0.0	0.0	0.0	0.0	0.0	0.00072	0.0	0.0
k__Bacteria|p__Firmicutes|c__Erysipelotrichia|o__Erysipelotrichales|f__Erysipelotrichaceae|g__Erysipelatoclostridium|s__Erysipelatoclostridium_ramosum	0.0	0.0	0.0	0.15922999999999998	0.0	0.0	0.0	0.07755	0.0	0.0	0.0	0.04319	0.07249	0.08059	0.07256	0.0	0.0	0.0	0.0	0.0	0.0	0.0
k__Bacteria|p__Firmicutes|c__Clostridia|o__Clostridiales|f__Clostridiales_unclassified|g__Clostridiales_unclassified|s__Clostridiales_bacterium_1_7_47FAA	0.0	0.0	0.0	0.0	0.0	0.0	0.0	0.0	0.0	0.0	0.0036	0.0	0.0	0.0	0.0	0.0	0.0	0.0	0.0	0.0	0.0	0.0
k__Eukaryota|p__Eukaryota_unclassified|c__Eukaryota_unclassified|o__Eukaryota_unclassified|f__Eukaryota_unclassified|g__Blastocystis|s__Blastocystis_sp_subtype_1	0.0	0.0	0.0	0.0	0.0	0.0	0.0	0.0	0.0	0.0	0.0	0.0003	0.0	0.00016999999999999999	0.0	0.0	0.0	0.0	0.36345	0.35665	0.0	0.0
k__Bacteria|p__Firmicutes|c__Firmicutes_unclassified|o__Firmicutes_unclassified|f__Firmicutes_unclassified|g__Firmicutes_unclassified|s__Firmicutes_bacterium_CAG_94	0.0	0.0	0.0	0.0	0.0	0.0	0.0	0.0	0.0	0.0	0.058179999999999996	0.0	0.0	0.0	0.0	0.0	0.0	0.0	0.02217	0.02512	0.0	0.0
k__Bacteria|p__Firmicutes|c__Firmicutes_unclassified|o__Firmicutes_unclassified|f__Firmicutes_unclassified|g__Firmicutes_unclassified|s__Firmicutes_bacterium_CAG_83	0.0	0.07543	0.14608	0.00761	0.04883	0.0	0.0	0.0	0.0	0.17932	0.24609	0.00598	0.0028699999999999997	0.00387	0.0	0.0	0.0	0.32575	1.26298	1.34867	0.0	0.0
k__Bacteria|p__Firmicutes|c__Firmicutes_unclassified|o__Firmicutes_unclassified|f__Firmicutes_unclassified|g__Firmicutes_unclassified|s__Firmicutes_bacterium_CAG_95	0.0	0.0	0.0	0.0	0.0544	0.0	0.0	0.0	0.0	1.9100700000000002	0.00647	0.0	0.0	0.0	0.0	0.0	0.0	0.0	0.06352999999999999	0.03011	0.0	0.0
k__Bacteria|p__Firmicutes|c__Firmicutes_unclassified|o__Firmicutes_unclassified|f__Firmicutes_unclassified|g__Firmicutes_unclassified|s__Firmicutes_bacterium_CAG_238	0.0	0.0	0.0	0.0	0.01441	0.0	0.0	0.0	0.0	0.00029	0.0	0.0	0.0	0.0	0.0	0.0	0.0	0.0	0.0	0.0	0.0	0.0
k__Bacteria|p__Firmicutes|c__Firmicutes_unclassified|o__Firmicutes_unclassified|f__Firmicutes_unclassified|g__Firmicutes_unclassified|s__Firmicutes_bacterium_CAG_791	0.0	0.0	0.0	0.0	0.0	0.0	0.0	0.0	0.0	0.01763	0.0	0.0	0.0	0.0	0.0	0.0	0.0	0.0	0.0	0.0	0.0	0.0
k__Bacteria|p__Firmicutes|c__Firmicutes_unclassified|o__Firmicutes_unclassified|f__Firmicutes_unclassified|g__Firmicutes_unclassified|s__Firmicutes_bacterium_CAG_110	0.0	0.0	0.11460999999999999	0.0	0.20439000000000002	0.0	0.0	0.0	0.0	0.14152	0.05287000000000001	0.0	0.0	0.0	0.0	0.0	0.0	0.15445	0.0	0.0	0.0	0.0
k__Bacteria|p__Firmicutes|c__Firmicutes_unclassified|o__Firmicutes_unclassified|f__Firmicutes_unclassified|g__Firmicutes_unclassified|s__Firmicutes_bacterium_CAG_145	0.0	0.0	0.0	0.0	0.0	0.0	0.0	0.0	0.0	0.00307	0.03081	0.0	0.0	0.0	0.0	0.0	0.0	0.0	0.0	0.0	0.0	0.0
k__Bacteria|p__Firmicutes|c__Firmicutes_unclassified|o__Firmicutes_unclassified|f__Firmicutes_unclassified|g__Firmicutes_unclassified|s__Firmicutes_bacterium_CAG_170	0.0	0.0	0.0	0.0	0.1649	0.0	0.0	0.0	0.0	0.39575	0.03543	0.0	0.0	0.0	0.0	0.0	0.0	0.0	0.0	0.0	0.0	0.0
k__Bacteria|p__Proteobacteria|c__Deltaproteobacteria|o__Desulfovibrionales|f__Desulfovibrionaceae|g__Desulfovibrionaceae_unclassified|s__Desulfovibrionaceae_bacterium	0.0	0.0	0.00265	0.0	0.0	0.0	0.0	0.0	0.0	0.020390000000000002	0.0	0.0	0.0	0.0	0.0	0.0	0.0	0.059820000000000005	0.0	0.0	0.0	0.0
k__Bacteria|p__Proteobacteria|c__Proteobacteria_unclassified|o__Proteobacteria_unclassified|f__Proteobacteria_unclassified|g__Proteobacteria_unclassified|s__Proteobacteria_bacterium_CAG_139	0.0	0.0	0.0	0.0	0.0	0.0	0.0	0.04929	0.0	0.0	0.0	0.0	0.0	0.0	0.0	0.0	0.0	0.01456	0.0015300000000000001	0.0018100000000000002	0.0	0.0
k__Bacteria|p__Candidatus_Melainabacteria|c__Candidatus_Melainabacteria_unclassified|o__Candidatus_Gastranaerophilales|f__Candidatus_Gastranaerophilales_unclassified|g__Candidatus_Gastranaerophilales_unclassified|s__Candidatus_Gastranaerophilales_bacterium	0.0	0.0	0.0	0.0	0.0215	0.0	0.0	0.0	0.0	0.0	0.0	0.0	0.0	0.0	0.0	0.0	0.0	0.0	0.0	0.0	0.0	0.0
