# features	HSM6XRVK	HSM67VD2	HSMA33OT	PSMA264U	CSM79HI3	MSM6J2RS	MSM9VZMI	CSM79HP4	ESM5ME9U	PSM7J182	PSM7J154	CSM67UGO
1CMET2-PWY: folate transformations III (E. coli)	0.4737717285252399	1.3091186307725846	0.7217520377675971	0.6795242992694427	1.1801741766288583	0.0	1.1284623930925337	0.762500120912766	3.264023526260809	0.7011436922520461	0.8399512746536828	1.172210438272612
3-HYDROXYPHENYLACETATE-DEGRADATION-PWY: 4-hydroxyphenylacetate degradation	NaN	NaN	NaN	NaN	0.0	NaN	NaN	NaN	NaN	NaN	NaN	NaN
AEROBACTINSYN-PWY: aerobactin biosynthesis	NaN	NaN	NaN	NaN	NaN	NaN	0.0	NaN	NaN	NaN	NaN	NaN
ALLANTOINDEG-PWY: superpathway of allantoin degradation in yeast	NaN	NaN	NaN	NaN	NaN	NaN	NaN	NaN	NaN	0.0	NaN	NaN
ANAEROFRUCAT-PWY: homolactic fermentation	1.2415163422638082	0.0	3.7213939011802077	0.6233369257176997	2.644012440113399	0.0	8.320216348107461	0.8244959367705076	0.0	4.508013334150279	0.0	0.0
ANAGLYCOLYSIS-PWY: glycolysis III (from glucose)	1.3048257396350418	1.3304322575669392	8.235046216697453	3.575695309203608	4.16804176267436	6.398428196226202	2.633883537709483	1.9351924524661344	6.1191901678036285	4.987243749606125	4.371507338235818	2.9685201356442903
ARG+POLYAMINE-SYN: superpathway of arginine and polyamine biosynthesis	0.0	0.0	NaN	0.0	0.21268987978464735	NaN	0.0	0.0	0.0	0.0	NaN	NaN
ARGDEG-PWY: superpathway of L-arginine, putrescine, and 4-aminobutanoate degradation	NaN	NaN	NaN	NaN	0.0	NaN	NaN	NaN	NaN	NaN	NaN	NaN
ARGININE-SYN4-PWY: L-ornithine biosynthesis II	1.197359567348928	0.315507591784973	0.23088410683678198	1.3449086120314078	0.0	0.0	0.2923074372880917	0.30442658486876517	1.3140702948423701	NaN	0.9023231454279746	1.0698156802415124
ARGORNPROST-PWY	NaN	NaN	NaN	NaN	0.0	NaN	NaN	NaN	NaN	0.0	NaN	0.0
ARGSYN-PWY: L-arginine biosynthesis I (via L-ornithine)	0.21005348736012114	1.64594814763925	0.5007808068622921	0.2560945867618488	0.3147025367547439	0.0	0.0	0.5688436260146608	0.0	0.0	0.0	0.25487165434835096
ARGSYNBSUB-PWY: L-arginine biosynthesis II (acetyl cycle)	0.1308161703452733	1.9736505354970995	NaN	0.19676641512617074	0.31367294030542764	0.0	0.0	0.6228643701142558	0.0	0.0	0.0	0.0
ARO-PWY: chorismate biosynthesis I	0.30091901984861513	1.5700639941492989	0.9046560037446528	0.4572405782426304	0.6198561835861569	0.0	0.0	0.7849650635393592	0.0	0.0	0.0	0.3837664095024293
ASPASN-PWY: superpathway of L-aspartate and L-asparagine biosynthesis	0.9072691363890459	0.0	1.0075254724349705	0.795481758827727	2.7192747116410567	0.5065639430048606	0.6594799625792607	0.6622053314536892	0.0	9.721340266215304	0.751677016731483	0.8405507717976626
AST-PWY: L-arginine degradation II (AST pathway)	NaN	NaN	NaN	NaN	0.0	NaN	NaN	NaN	NaN	0.0	NaN	NaN
BIOTIN-BIOSYNTHESIS-PWY: biotin biosynthesis I	3.2468799121045158	1.490931485907788	0.0	0.0	0.6843539350967521	0.0	0.0	0.0	0.0	0.0	0.0	1.0797620212494976
BRANCHED-CHAIN-AA-SYN-PWY: superpathway of branched chain amino acid biosynthesis	1.2388038228613034	0.614048911395767	0.7707161511941633	1.7926216285723133	0.0	2.580872444085511	1.1488158871238559	1.5582930815923812	0.0	0.6656688257004029	0.8472892991771706	0.8648102576349233
CALVIN-PWY: Calvin-Benson-Bassham cycle	1.3582681883479752	0.9307192571647379	3.2780254553889647	1.676428989234975	3.120827168037655	0.0	1.8867114383099322	1.37185857157246	1.9494876831559877	3.796209701018393	0.0	0.0
CATECHOL-ORTHO-CLEAVAGE-PWY: catechol degradation to &beta;-ketoadipate	NaN	NaN	NaN	NaN	0.0	NaN	NaN	NaN	NaN	NaN	NaN	NaN
CENTFERM-PWY: pyruvate fermentation to butanoate	NaN	0.0	NaN	0.0	NaN	0.0	NaN	NaN	0.0	0.0	NaN	0.0
CITRULBIO-PWY: L-citrulline biosynthesis	2.4003239109433716	5.453704113684742	1.060510352602146	0.7793960868045735	1.3311560278797079	0.0	0.0	0.8357461225539342	0.0	0.0	0.0	0.8393011230283711
COA-PWY-1: superpathway of coenzyme A biosynthesis III (mammals)	0.7001353101150011	1.4519302217867176	0.4542006043347192	0.6645293201992449	1.7978013867661178	0.0	0.5166001478711673	1.0413312122820901	1.6787759573849383	1.4185951888084247	1.6985205122141307	1.1250750072681397
COA-PWY: coenzyme A biosynthesis I (prokaryotic)	0.860935142296601	2.1128062423874994	0.9045476065124057	0.9447997851141549	2.2174096273770054	0.0	0.5885524760330251	1.2126626060237957	1.4058673236121393	1.1401943223228241	1.6619825756833873	1.062062736258255
COBALSYN-PWY: superpathway of adenosylcobalamin salvage from cobinamide I	0.6571713517979425	0.0	0.49570583178877425	0.3736053630464435	0.7992449764059386	0.0	0.0	0.28172584351541163	0.0	0.5633573230517587	0.0	0.0
COLANSYN-PWY: colanic acid building blocks biosynthesis	2.002939838519632	0.0	Inf	0.6316028432824009	0.0	0.0	3.6276648772821285	1.2872840658807263	0.0	1.8375183976871607	0.0	0.0
COMPLETE-ARO-PWY: superpathway of aromatic amino acid biosynthesis	0.2312050891353159	1.0502305081601557	0.6575817055743123	0.4801082934795262	0.6160414194261042	0.0	0.0	0.39003089375465777	0.0	0.0	0.0	0.0
DAPLYSINESYN-PWY: L-lysine biosynthesis I	0.0	NaN	2.202841322109898	0.0	0.2690121623325347	0.0	0.0	NaN	0.0	2.339094736670794	0.0	NaN
DENITRIFICATION-PWY: nitrate reduction I (denitrification)	NaN	NaN	NaN	NaN	NaN	NaN	NaN	NaN	NaN	0.0	NaN	NaN
DENOVOPURINE2-PWY: superpathway of purine nucleotides de novo biosynthesis II	NaN	NaN	NaN	0.0	1.3236890721977836	NaN	NaN	NaN	NaN	3.132239074683081	NaN	NaN
DTDPRHAMSYN-PWY: dTDP-&beta;-L-rhamnose biosynthesis	0.9569533192251586	0.8759994805452059	0.7674411399880104	0.7033337557419393	1.0314898407546595	1.253869374995847	0.8222279331819061	0.6030245494861106	1.0083310799870788	0.4631781029804688	0.8092812464061812	1.9386995682207975
ECASYN-PWY: enterobacterial common antigen biosynthesis	NaN	NaN	NaN	NaN	0.0	NaN	NaN	NaN	NaN	0.0	NaN	NaN
FAO-PWY: fatty acid &beta;-oxidation I (generic)	NaN	NaN	NaN	NaN	0.0	NaN	0.0	NaN	NaN	0.0	NaN	NaN
FASYN-ELONG-PWY: fatty acid elongation -- saturated	3.5075039882482164	3.9800915711090004	0.0	0.0	1.1268060742872812	0.0	1.6620483556686152	0.5584405202580937	0.0	5.078683431459656	0.0	1.7600454143381803
FASYN-INITIAL-PWY: superpathway of fatty acid biosynthesis initiation (E. coli)	0.9064318203684933	0.14998596240239417	1.4858990992770063	0.5968478227843148	1.1704912226947652	0.0	0.7320378605277541	0.09397857164559334	0.0	1.520360419265606	0.0	0.2609318841416106
FERMENTATION-PWY: mixed acid fermentation	NaN	0.0	Inf	0.0	0.9488130134529817	NaN	0.0	NaN	0.0	6.3309207538517605	0.0	NaN
FOLSYN-PWY: superpathway of tetrahydrofolate biosynthesis and salvage	0.0	NaN	NaN	0.0	0.0	NaN	0.0	NaN	NaN	0.0	NaN	NaN
FUC-RHAMCAT-PWY: superpathway of fucose and rhamnose degradation	NaN	NaN	NaN	0.0	0.0	NaN	0.0	0.0	0.0	0.0	0.0	0.0
FUCCAT-PWY: fucose degradation	0.475448590563345	0.0	NaN	0.0	0.0	NaN	0.0	0.0	0.0	0.0	0.0	0.0
GALACT-GLUCUROCAT-PWY: superpathway of hexuronide and hexuronate degradation	1.8974532562462698	0.0	0.3677832638670696	0.4066276556185748	0.0	0.0	0.0	0.7476755917536121	0.0	0.6179308238722327	0.0	0.0
GALACTARDEG-PWY: D-galactarate degradation I	NaN	0.0	NaN	0.0	0.0	NaN	0.0	NaN	0.0	0.0	NaN	0.0
GALACTUROCAT-PWY: D-galacturonate degradation I	4.724651038315833	0.0	0.5162358842194552	2.296266421000987	0.0	0.0	0.0	0.7567371873235786	0.0	1.2746320470205206	0.0	0.0
GLCMANNANAUT-PWY: superpathway of N-acetylglucosamine, N-acetylmannosamine and N-acetylneuraminate degradation	0.7549176885862899	0.0	1.442712512395736	0.8017329525311033	2.2937358342163168	0.0	0.0	0.0	0.0	0.0	0.0	0.0
GLUCARDEG-PWY: D-glucarate degradation I	NaN	NaN	NaN	0.0	0.0	NaN	0.0	NaN	NaN	0.0	NaN	NaN
GLUCARGALACTSUPER-PWY: superpathway of D-glucarate and D-galactarate degradation	NaN	0.0	NaN	0.0	0.0	NaN	0.0	NaN	0.0	0.0	NaN	0.0
GLUCONEO-PWY: gluconeogenesis I	4.881282963873486	1.253795098201575	4.6574978914894585	11.96620503409513	2.5745348290084045	23.734028661622705	4.292314621252599	4.097730775672184	2.7619838996929578	9.574817323236202	8.616164114800629	19.394606400500525
GLUCOSE1PMETAB-PWY: glucose and glucose-1-phosphate degradation	NaN	NaN	NaN	5.938359380367475	2.140117563869437	NaN	61.05408783408916	NaN	0.0	0.0	NaN	NaN
GLUCUROCAT-PWY: superpathway of &beta;-D-glucuronosides degradation	2.2231437650461188	0.0	0.3034536988998152	1.2553795983879101	0.0	0.0	0.0	0.39295394324220867	0.0	1.4797638664695385	0.0	0.0
GLUDEG-I-PWY: GABA shunt	NaN	NaN	Inf	NaN	0.0	NaN	0.0	NaN	NaN	NaN	NaN	NaN
GLUTORN-PWY: L-ornithine biosynthesis I	0.10098591435422662	1.7195050505657115	0.17418773700041834	0.1739253340155807	0.21855375620111755	0.0	0.0	0.4746864980688894	0.0	0.0	0.0	0.38305018503375854
GLYCOCAT-PWY: glycogen degradation I	NaN	NaN	NaN	5.789416504951023	0.7954848766379072	NaN	15.751763902912717	NaN	0.0	0.0	NaN	NaN
GLYCOGENSYNTH-PWY: glycogen biosynthesis I (from ADP-D-Glucose)	2.525995632295079	0.6861206318026624	Inf	1.8409624395619606	2.6238974117036866	0.0	2.642685205595313	1.424192277847372	0.0	1.9059936618036595	3.2248354905661567	2.3774248538480993
GLYCOL-GLYOXDEG-PWY: superpathway of glycol metabolism and degradation	NaN	NaN	NaN	NaN	0.0	NaN	0.0	NaN	NaN	0.0	NaN	NaN
GLYCOLYSIS-E-D: superpathway of glycolysis and the Entner-Doudoroff pathway	1.093232147127442	0.0	2.1930781390616647	0.0	0.5106445059411886	0.0	0.0	0.0	0.0	3.391548287790878	0.0	0.0
GLYCOLYSIS-TCA-GLYOX-BYPASS: superpathway of glycolysis, pyruvate dehydrogenase, TCA, and glyoxylate bypass	NaN	NaN	NaN	NaN	0.0	NaN	92.67553385017847	NaN	NaN	0.0	NaN	NaN
GLYCOLYSIS: glycolysis I (from glucose 6-phosphate)	3.631474205719578	1.1723092444924104	4.097701979312744	10.119723764149818	4.403071676900935	17.314200546433522	7.066560662957444	4.270513672953281	11.326019717920918	14.127950087661862	12.713736972342701	3.031262499735535
GLYOXYLATE-BYPASS: glyoxylate cycle	NaN	NaN	NaN	NaN	0.0	NaN	250.073082506999	NaN	NaN	0.0	NaN	NaN
GOLPDLCAT-PWY: superpathway of glycerol degradation to 1,3-propanediol	0.0	NaN	NaN	0.0	0.5163852449834242	NaN	0.0	NaN	0.0	0.0	NaN	0.0
HCAMHPDEG-PWY: 3-phenylpropanoate and 3-(3-hydroxyphenyl)propanoate degradation to 2-hydroxypentadienoate	NaN	NaN	NaN	NaN	0.0	NaN	0.0	NaN	NaN	NaN	NaN	NaN
HEME-BIOSYNTHESIS-II: heme b biosynthesis I (aerobic)	NaN	0.0	NaN	0.0	0.0	0.0	0.0	0.0	0.0	0.0	0.0	NaN
HEMESYN2-PWY: heme b biosynthesis II (oxygen-independent)	0.0	0.0	Inf	0.0	0.15980052027498526	0.0	0.0	0.0	0.0	0.0	0.0	NaN
HEXITOLDEGSUPER-PWY: superpathway of hexitol degradation (bacteria)	0.0	0.0	NaN	0.0	0.0	NaN	0.0	0.0	0.0	0.0	0.0	0.0
HISDEG-PWY: L-histidine degradation I	2.3527158157202765	3.9932949584033133	0.9068067743055988	0.9420680327092178	1.6706032364835395	0.0	1.8515259910512145	3.3593320764845847	1.067357182428615	0.0	3.189612356967576	9.825343628155503
HISTSYN-PWY: L-histidine biosynthesis	0.5164372916428568	0.5325591609161402	0.4160722136141079	0.614254975584663	0.2697346633808136	0.0	0.12648701408750643	0.3399004118035158	0.0	0.0	0.30610201976592216	0.44013871788503744
HOMOSER-METSYN-PWY: L-methionine biosynthesis I	0.0	0.0	NaN	0.0	0.0	NaN	0.0	0.0	0.0	0.0	NaN	0.0
HSERMETANA-PWY: L-methionine biosynthesis III	0.6762329592905041	0.5517109214594992	0.2866262184984552	0.9157163089107103	0.24996153719689543	0.0	0.6928564795586976	0.6757039818899695	0.0	0.34728761764607885	0.0	0.0
ILEUSYN-PWY: L-isoleucine biosynthesis I (from threonine)	1.0610498299362314	0.8009622812803266	0.9748389727268257	1.945581587192254	0.39563293616219397	2.8573725206278504	0.7765663543737787	1.1062064580826034	0.0	0.6238846063364489	1.0823933941003756	1.2914744480116405
KDO-NAGLIPASYN-PWY: superpathway of (Kdo)2-lipid A biosynthesis	NaN	NaN	NaN	NaN	0.0	NaN	0.0	NaN	NaN	0.0	NaN	NaN
KETOGLUCONMET-PWY: ketogluconate metabolism	NaN	NaN	NaN	NaN	0.0	NaN	0.0	NaN	NaN	NaN	NaN	NaN
LACTOSECAT-PWY: lactose and galactose degradation I	1.436883435439846	0.0	NaN	NaN	0.0	NaN	0.0	NaN	0.0	0.0	NaN	NaN
LPSSYN-PWY: superpathway of lipopolysaccharide biosynthesis	NaN	NaN	NaN	NaN	0.0	NaN	0.0	NaN	NaN	0.0	NaN	NaN
MET-SAM-PWY: superpathway of S-adenosyl-L-methionine biosynthesis	0.0	0.0	NaN	0.0	0.0	NaN	0.0	0.0	0.0	0.0	NaN	0.0
METH-ACETATE-PWY: methanogenesis from acetate	0.0	0.0	Inf	NaN	NaN	NaN	NaN	NaN	NaN	0.0	0.0	NaN
METHGLYUT-PWY: superpathway of methylglyoxal degradation	NaN	NaN	NaN	0.0	0.0	NaN	0.0	NaN	0.0	0.0	NaN	NaN
METSYN-PWY: superpathway of L-homoserine and L-methionine biosynthesis	0.0	0.0	NaN	0.0	0.0	NaN	0.0	0.0	0.0	0.0	NaN	0.0
NAD-BIOSYNTHESIS-II: NAD salvage pathway III (to nicotinamide riboside)	NaN	NaN	0.34023325530008613	0.2911499359072	0.0	0.0	0.18141818166045884	0.0	0.0	0.0	0.0	0.0
NAGLIPASYN-PWY: lipid IVA biosynthesis (E. coli)	0.0	0.981162887326595	1.0944752671613291	0.7398702492292828	0.7353671848517295	0.0	0.9897946982406	1.4364263434691231	0.0	0.0	0.0	0.8771887067096074
NONMEVIPP-PWY: methylerythritol phosphate pathway I	0.7453775013281964	1.4810534079857145	1.0740554214229088	0.7632186320977291	1.7604538243179453	0.0	0.5956573593823827	1.0024658278099394	1.7954841577976133	0.9048634956714611	0.5382349518274883	1.8136653540909768
NONOXIPENT-PWY: pentose phosphate pathway (non-oxidative branch) I	1.9886547576755396	1.0960493484536467	4.739858347927713	1.481357663148246	2.4971850952534793	0.0	1.8358393793747885	2.8746841090306043	1.7954572081814426	2.668379195196575	0.0	0.0
OANTIGEN-PWY: O-antigen building blocks biosynthesis (E. coli)	0.0	0.0	Inf	0.8997408044630292	1.1513408583025826	0.0	6.107228763429822	0.0	3.0901177344867277	0.0	0.0	0.0
ORNARGDEG-PWY: superpathway of L-arginine and L-ornithine degradation	NaN	NaN	NaN	NaN	0.0	NaN	NaN	NaN	NaN	NaN	NaN	NaN
ORNDEG-PWY: superpathway of ornithine degradation	NaN	NaN	NaN	NaN	0.0	NaN	NaN	NaN	NaN	NaN	NaN	NaN
P105-PWY: TCA cycle IV (2-oxoglutarate decarboxylase)	NaN	NaN	NaN	NaN	0.0	NaN	102.25389169946028	NaN	NaN	0.0	NaN	NaN
P108-PWY: pyruvate fermentation to propanoate I	0.0	0.0	Inf	2.093695525073944	2.6086764205303044	0.0	5.071570260156344	7.477976284067381	0.0	0.0	0.0	2.919129569554665
P122-PWY: heterolactic fermentation	NaN	NaN	NaN	0.0	0.0	NaN	NaN	NaN	NaN	0.0	NaN	NaN
P124-PWY: Bifidobacterium shunt	NaN	NaN	NaN	NaN	NaN	NaN	NaN	NaN	0.0	0.0	NaN	NaN
P125-PWY: superpathway of (R,R)-butanediol biosynthesis	NaN	NaN	NaN	NaN	0.0	NaN	NaN	NaN	NaN	NaN	NaN	NaN
P161-PWY: acetylene degradation (anaerobic)	NaN	NaN	Inf	0.0	0.28448997255906205	NaN	0.0	NaN	NaN	0.0	NaN	0.0
P163-PWY: L-lysine fermentation to acetate and butanoate	NaN	NaN	NaN	NaN	5.510446607728913	NaN	NaN	NaN	NaN	NaN	NaN	NaN
P164-PWY: purine nucleobases degradation I (anaerobic)	NaN	0.0	Inf	0.9692167263103153	2.263821494093399	NaN	0.0	Inf	0.0	4.510234194878634	0.0	NaN
P185-PWY: formaldehyde assimilation III (dihydroxyacetone cycle)	0.0	NaN	NaN	NaN	1.2658070958705476	NaN	0.0	Inf	NaN	0.0	NaN	0.0
P221-PWY: octane oxidation	NaN	NaN	NaN	NaN	0.0	NaN	NaN	NaN	NaN	0.0	NaN	NaN
P4-PWY: superpathway of L-lysine, L-threonine and L-methionine biosynthesis I	0.0	NaN	NaN	NaN	0.0	NaN	0.0	NaN	0.0	0.0	NaN	NaN
P42-PWY: incomplete reductive TCA cycle	0.0	NaN	Inf	0.0	1.7002031225671004	0.0	0.0	1.080725051711618	NaN	0.0	NaN	0.0
P441-PWY: superpathway of N-acetylneuraminate degradation	0.6500492576829063	NaN	Inf	0.0	1.286681998504711	NaN	0.0	NaN	0.0	0.0	0.0	0.0
P461-PWY: hexitol fermentation to lactate, formate, ethanol and acetate	0.0	NaN	NaN	0.0	0.0	NaN	0.0	NaN	0.0	0.0	NaN	0.0
P562-PWY: myo-inositol degradation I	NaN	NaN	NaN	NaN	0.0	NaN	NaN	NaN	NaN	NaN	NaN	NaN
PANTO-PWY: phosphopantothenate biosynthesis I	0.6059455724580171	0.33749569759214254	0.49900410112343885	0.6713331933036912	0.5950898529101	0.0	0.6342432855296266	1.024449425905654	0.0	0.15277502763700487	0.886357864806109	1.3072928738315286
PANTOSYN-PWY: superpathway of coenzyme A biosynthesis I (bacteria)	0.6778182650137946	0.6480608947169124	0.645787640584345	0.8202099804419472	0.9266421492457576	0.0	0.5789506811473553	1.1505794998390793	0.0	0.0	0.7427829748128552	0.8236245291752228
PENTOSE-P-PWY: pentose phosphate pathway	1.4565639744160743	1.0009679818126085	5.154792407554172	1.145709515015374	0.0	0.0	2.1722359263696447	2.428917205753053	2.166029594832897	0.0	0.0	0.0
PEPTIDOGLYCANSYN-PWY: peptidoglycan biosynthesis I (meso-diaminopimelate containing)	0.587646508773201	0.6461668287304381	0.5484884783492576	0.5432682827700284	1.0408939962635049	0.7439948213248199	0.347430429520515	0.6209665309757835	1.0260488062513564	0.6172223555433564	0.0	0.4712777290008643
PHOSLIPSYN-PWY: superpathway of phospholipid biosynthesis I (bacteria)	0.6338684070192364	0.0	0.35614474669617396	0.47526969521149104	0.8971926624204961	0.0	0.0	1.6964019600614855	0.0	1.087788314959667	0.0	0.0
POLYAMINSYN3-PWY: superpathway of polyamine biosynthesis II	NaN	NaN	NaN	0.0	NaN	NaN	NaN	NaN	NaN	0.0	NaN	NaN
POLYAMSYN-PWY: superpathway of polyamine biosynthesis I	0.0	0.0	Inf	0.0	0.18012612483398147	NaN	0.0	0.0	0.0	0.0	NaN	NaN
POLYISOPRENSYN-PWY: polyisoprenoid biosynthesis (E. coli)	NaN	NaN	0.7174290905775599	0.6082744556193538	0.0	0.0	0.0	0.0	0.0	0.0	0.0	0.0
PPGPPMET-PWY: ppGpp metabolism	0.0	0.0	Inf	0.0	2.0106426720386366	NaN	0.9482397152907299	1.4320086319689354	0.0	0.0	0.0	NaN
PROTOCATECHUATE-ORTHO-CLEAVAGE-PWY: protocatechuate degradation II (ortho-cleavage pathway)	NaN	NaN	NaN	NaN	0.0	NaN	NaN	NaN	NaN	NaN	NaN	NaN
PRPP-PWY: superpathway of histidine, purine, and pyrimidine biosynthesis	NaN	NaN	NaN	0.0	0.0	NaN	NaN	NaN	NaN	0.0	NaN	NaN
PWY-1042: glycolysis IV	2.6606923052636597	1.6978095974954197	2.460587373539247	2.1956286805853327	3.6717300522521277	1.7317282732244137	2.1497443723538936	2.2015767954944288	3.8956806006800404	3.9107494747667824	4.645804955013526	3.383939253312219
PWY-1269: CMP-3-deoxy-D-manno-octulosonate biosynthesis	0.37250182428497	0.3133715674347071	0.2994846718101376	0.34273091807698813	0.3093436427202884	0.0	0.2512760591012194	0.3462286765753631	3.5570888268063667	0.0	0.0	0.0
PWY-1861: formaldehyde assimilation II (assimilatory RuMP Cycle)	0.0	NaN	NaN	NaN	0.0	NaN	NaN	NaN	0.0	0.0	NaN	NaN
PWY-241: C4 photosynthetic carbon assimilation cycle, NADP-ME type	NaN	0.0	NaN	0.0	0.22932386489399745	NaN	0.0	NaN	0.0	2.1302658607758747	0.0	NaN
PWY-2723: trehalose degradation V	NaN	NaN	NaN	6.035400210234603	0.7461946297582485	NaN	19.174143249537224	NaN	0.0	0.0	NaN	NaN
PWY-2941: L-lysine biosynthesis II	0.31679115690066567	0.36764779517977114	NaN	0.0	4.21224972445549	0.0	0.0	0.3023470113345673	5.159946886582044	0.0	0.0	0.795405456395136
PWY-2942: L-lysine biosynthesis III	0.730411439550495	1.0802999281382097	0.5954878316513847	0.9393569291796279	0.8060547465608424	0.7014947822721551	0.6648658059304722	0.8499814361544401	1.4664127496708608	0.7486264720219368	1.6472506717717363	1.3585550509032354
PWY-3001: superpathway of L-isoleucine biosynthesis I	0.5919951501438712	0.42017808868112144	0.574580206903965	0.5818619181181339	0.3100073284640936	0.0	0.20349476782223588	0.7482645126553983	0.0	0.648310102365922	0.0	0.37397356057454506
PWY-3781: aerobic respiration I (cytochrome c)	NaN	NaN	NaN	NaN	Inf	Inf	NaN	Inf	Inf	NaN	NaN	NaN
PWY-3841: folate transformations II (plants)	0.7105913006548974	1.4722032669286644	1.011494043368976	0.9012638541390479	1.7662437220615508	0.0	1.3992570236568684	1.0865031667094005	3.141188623876953	0.874203113349608	1.6222129623910968	1.745659729501928
PWY-4041: &gamma;-glutamyl cycle	0.0	0.0	Inf	0.0	0.9038330600526956	NaN	0.0	0.0	0.0	0.0	0.0	NaN
PWY-4242	0.7771773813064186	0.6145420734155819	0.6216532113572005	0.8988942452284026	1.6250681476214188	0.0	0.4404195383447365	1.0201671319894776	1.2875682079250674	0.7603671633579998	1.3141037287245947	1.0492102264602259
PWY-4321: L-glutamate degradation IV	NaN	NaN	NaN	NaN	0.0	NaN	NaN	NaN	NaN	NaN	NaN	NaN
PWY-4361: S-methyl-5-thio-&alpha;-D-ribose 1-phosphate degradation I	NaN	NaN	NaN	NaN	0.0	NaN	NaN	NaN	NaN	NaN	NaN	NaN
PWY-4702: phytate degradation I	NaN	NaN	NaN	NaN	0.0	NaN	0.0	NaN	NaN	0.0	NaN	NaN
PWY-4722: creatinine degradation II	NaN	NaN	NaN	NaN	0.0	NaN	NaN	NaN	NaN	NaN	NaN	NaN
PWY-4981: L-proline biosynthesis II (from arginine)	NaN	54.396291462301896	Inf	NaN	1.5756826963284936	0.0	NaN	2.5002322409231623	0.0	0.0	0.0	2.6463531325161807
PWY-4984: urea cycle	2.466085472211137	4.146722194693988	0.8070844400189006	0.523230261318145	1.0373203291000372	0.0	0.0	1.3638539537294774	0.0	0.0	0.0	0.48007801665186833
PWY-5005: biotin biosynthesis II	0.0	NaN	NaN	0.0	0.0	0.0	0.0	NaN	0.0	0.0	0.0	NaN
PWY-5022: 4-aminobutanoate degradation V	NaN	NaN	NaN	0.0	0.0	NaN	0.0	NaN	0.0	0.0	NaN	NaN
PWY-5030: L-histidine degradation III	2.0987344997085366	2.913477971544763	0.8529030344666785	1.0206724357555776	1.1322659975264306	0.0	2.114169449920191	3.134976326479157	1.4083246862991041	0.0	3.43976846690456	5.409382035378237
PWY-5083: NAD(P)/NADPH interconversion	NaN	NaN	Inf	NaN	2.9995682775002717	0.0	0.0	NaN	NaN	0.0	NaN	NaN
PWY-5088: L-glutamate degradation VIII (to propanoate)	NaN	NaN	NaN	NaN	0.0	NaN	NaN	NaN	NaN	NaN	NaN	NaN
PWY-5097: L-lysine biosynthesis VI	0.6094843098545881	0.8808775822044861	0.6539701204122907	0.4901721394191663	0.9116540478260607	0.0	0.5059170350668611	1.0843740138899276	1.1642208906220437	0.7649273594241458	1.3334044286847044	1.1585363271109586
PWY-5100: pyruvate fermentation to acetate and lactate II	0.7735105577418122	0.0	4.662800470024873	0.42239610845689246	3.0361135955397796	0.0	0.0	0.6643449057869688	0.0	0.5776558170564448	0.0	0.0
PWY-5101: L-isoleucine biosynthesis II	NaN	NaN	NaN	NaN	NaN	NaN	NaN	NaN	NaN	0.0	NaN	NaN
PWY-5103: L-isoleucine biosynthesis III	1.2891955274352047	0.5460845740119974	0.736395486575512	1.892251906554247	0.5327151870916775	2.6564092171500095	1.228932147837959	1.7436929557123895	0.0	0.6551303821983547	0.6457413251447569	0.662018361020663
PWY-5104: L-isoleucine biosynthesis IV	3.661205700406787	0.0	1.1379403313413865	2.501567325211753	0.0	7.352399587934152	1.2906884168615145	1.3092182697010346	0.0	0.0	1.2210622009197631	1.5362735336237814
PWY-5121: superpathway of geranylgeranyl diphosphate biosynthesis II (via MEP)	2.6727301695482946	0.0	0.5609171706778321	0.5670367843290092	2.399423613217313	0.0	0.4868510271515114	0.0	0.0	0.0	0.0	0.0
PWY-5154: L-arginine biosynthesis III (via N-acetyl-L-citrulline)	0.2326672859690073	1.2697356325944693	0.21804147248946046	0.2007382681342378	0.2072250328567799	0.0	0.0	0.5606995436332413	0.0	0.0	0.0	0.42881451934063214
PWY-5173	NaN	NaN	Inf	6.336344681949273	3.720644134013028	NaN	Inf	NaN	NaN	42.90679099434431	NaN	NaN
PWY-5181: toluene degradation III (aerobic) (via p-cresol)	NaN	NaN	NaN	NaN	0.0	NaN	NaN	NaN	NaN	NaN	NaN	NaN
PWY-5188: tetrapyrrole biosynthesis I (from glutamate)	0.0	2.854174586354512	Inf	0.0	0.46234305347513155	0.0	0.0	0.0	0.0	0.0	0.0	0.0
PWY-5189: tetrapyrrole biosynthesis II (from glycine)	NaN	NaN	NaN	NaN	1.1599376461551831	NaN	NaN	NaN	NaN	0.0	NaN	NaN
PWY-5304: superpathway of sulfur oxidation (Acidianus ambivalens)	0.0	0.0	NaN	0.0	NaN	0.0	0.0	0.0	0.0	NaN	0.0	0.0
PWY-5345: superpathway of L-methionine biosynthesis (by sulfhydrylation)	NaN	NaN	NaN	0.0	0.0	NaN	0.0	0.0	NaN	0.0	NaN	NaN
PWY-5347: superpathway of L-methionine biosynthesis (transsulfuration)	0.0	0.0	NaN	0.0	0.0	NaN	0.0	0.0	0.0	0.0	NaN	0.0
PWY-5367: petroselinate biosynthesis	NaN	NaN	NaN	NaN	0.0	NaN	0.0	Inf	NaN	0.0	NaN	NaN
PWY-5384: sucrose degradation IV (sucrose phosphorylase)	0.0	NaN	NaN	0.0	0.6840633534078974	NaN	0.0	NaN	0.0	0.0	NaN	NaN
PWY-5417: catechol degradation III (ortho-cleavage pathway)	NaN	NaN	NaN	NaN	0.0	NaN	NaN	NaN	NaN	NaN	NaN	NaN
PWY-5431: aromatic compounds degradation via &beta;-ketoadipate	NaN	NaN	NaN	NaN	0.0	NaN	NaN	NaN	NaN	NaN	NaN	NaN
PWY-5464: superpathway of cytosolic glycolysis (plants), pyruvate dehydrogenase and TCA cycle	NaN	NaN	NaN	0.0	NaN	NaN	NaN	NaN	NaN	NaN	NaN	NaN
PWY-5484: glycolysis II (from fructose 6-phosphate)	3.589772558261848	1.1576935069417862	3.94759966310663	9.834867079020235	4.353796805236704	16.5590540379541	6.857589824293991	4.078170762600114	8.762669616310951	17.596494167246405	12.617315446610467	2.9099146529258233
PWY-5497: purine nucleobases degradation II (anaerobic)	0.0	0.0	Inf	0.0	0.37540393038172487	NaN	0.0	NaN	NaN	0.0	NaN	NaN
PWY-5505: L-glutamate and L-glutamine biosynthesis	0.4430067251864999	0.0	Inf	0.15499415032923	0.0	0.0	0.0	1.0524373944236007	0.0	0.0	0.0	0.0
PWY-5654: 2-amino-3-carboxymuconate semialdehyde degradation to 2-hydroxypentadienoate	NaN	NaN	NaN	NaN	0.0	NaN	NaN	NaN	NaN	NaN	NaN	NaN
PWY-5656: mannosylglycerate biosynthesis I	NaN	NaN	NaN	NaN	0.0	NaN	0.0	NaN	NaN	0.0	NaN	NaN
PWY-5659: GDP-mannose biosynthesis	2.2052088503224208	0.644629518942157	0.9231822612877822	1.2983564234878373	0.7872228342977646	0.0	1.3044692440513843	1.2971790076648695	2.97387868894583	0.5680713129111141	1.2757500479732966	1.8124750507249858
PWY-5667: CDP-diacylglycerol biosynthesis I	0.6695628755219905	1.0474718546094637	0.6485108196226597	0.7991559092582926	0.7589949105577616	0.0	1.1555814953426258	0.5674110439709793	3.8263116219905173	1.231287753735656	1.4372178895331185	1.3148959419803392
PWY-5675: nitrate reduction V (assimilatory)	NaN	NaN	Inf	NaN	0.0	NaN	0.0	NaN	NaN	0.0	NaN	NaN
PWY-5676: acetyl-CoA fermentation to butanoate II	2.2065010329929082	0.0	Inf	0.5972261672478795	0.0	NaN	0.0	NaN	0.0	17.234814592364817	0.0	8.771587768484249
PWY-5677: succinate fermentation to butanoate	NaN	NaN	NaN	NaN	NaN	NaN	NaN	NaN	0.0	0.0	NaN	NaN
PWY-5686: UMP biosynthesis I	0.8693630967911177	1.2518397030924617	0.7364289790252957	0.6766283157126168	0.45157688474215996	0.0	0.8263965018872854	1.0065795474303807	0.0	0.5784650420237282	0.4812540718429288	0.4070069537691256
PWY-5690: TCA cycle II (plants and fungi)	1.5599063903899981	0.0	Inf	2.1538718183891348	4.052860170226643	NaN	36.60379042049761	0.8619502670700847	0.0	0.0	0.0	0.0
PWY-5692: allantoin degradation to glyoxylate II	NaN	NaN	NaN	NaN	0.0	NaN	NaN	NaN	NaN	NaN	NaN	NaN
PWY-5695: inosine 5'-phosphate degradation	0.8199186633142511	1.0677271160157513	1.051997591000062	0.5044558601343776	0.2029006196512368	0.0	0.7591415752645929	0.9311163955811567	1.9973009988234947	1.2989990306886723	1.288206483023061	0.6023491590028263
PWY-5705: allantoin degradation to glyoxylate III	NaN	NaN	NaN	NaN	0.0	NaN	NaN	NaN	NaN	0.0	NaN	NaN
PWY-5723: Rubisco shunt	NaN	0.0	NaN	NaN	0.3291963131668734	NaN	3.006142968188299	NaN	NaN	0.0	NaN	NaN
PWY-5747: 2-methylcitrate cycle II	NaN	NaN	NaN	NaN	0.0	NaN	0.0	NaN	NaN	0.0	NaN	NaN
PWY-5791	NaN	NaN	NaN	NaN	0.0	NaN	0.0	NaN	NaN	0.0	NaN	NaN
PWY-5837: 2-carboxy-1,4-naphthoquinol biosynthesis	NaN	NaN	NaN	0.0	0.0	NaN	0.0	0.0	NaN	0.0	NaN	NaN
PWY-5838: superpathway of menaquinol-8 biosynthesis I	NaN	NaN	NaN	0.0	0.0	NaN	0.0	0.0	NaN	0.0	NaN	NaN
PWY-5840: superpathway of menaquinol-7 biosynthesis	NaN	NaN	NaN	NaN	0.0	NaN	0.0	NaN	NaN	0.0	NaN	NaN
PWY-5845: superpathway of menaquinol-9 biosynthesis	NaN	NaN	NaN	0.0	0.0	NaN	0.0	NaN	NaN	0.0	NaN	NaN
PWY-5850: superpathway of menaquinol-6 biosynthesis	NaN	NaN	NaN	NaN	0.0	NaN	0.0	NaN	NaN	0.0	NaN	NaN
PWY-5855: ubiquinol-7 biosynthesis (early decarboxylation)	NaN	NaN	NaN	NaN	0.0	NaN	0.0	NaN	NaN	0.0	NaN	NaN
PWY-5856: ubiquinol-9 biosynthesis (early decarboxylation)	NaN	NaN	NaN	NaN	0.0	NaN	0.0	NaN	NaN	0.0	NaN	NaN
PWY-5857: ubiquinol-10 biosynthesis (early decarboxylation)	NaN	NaN	NaN	NaN	0.0	NaN	0.0	NaN	NaN	0.0	NaN	NaN
PWY-5860: superpathway of demethylmenaquinol-6 biosynthesis I	NaN	NaN	NaN	NaN	0.0	NaN	0.0	NaN	NaN	0.0	NaN	NaN
PWY-5861: superpathway of demethylmenaquinol-8 biosynthesis I	NaN	NaN	NaN	0.0	0.0	NaN	0.0	0.0	NaN	0.0	NaN	NaN
PWY-5862: superpathway of demethylmenaquinol-9 biosynthesis	NaN	NaN	NaN	0.0	0.0	NaN	0.0	NaN	NaN	0.0	NaN	NaN
PWY-5863: superpathway of phylloquinol biosynthesis	NaN	NaN	NaN	NaN	0.0	NaN	0.0	NaN	NaN	0.0	NaN	NaN
PWY-5896: superpathway of menaquinol-10 biosynthesis	NaN	NaN	NaN	NaN	0.0	NaN	0.0	NaN	NaN	0.0	NaN	NaN
PWY-5897: superpathway of menaquinol-11 biosynthesis	NaN	NaN	NaN	0.0	0.0	NaN	0.0	0.0	NaN	0.0	NaN	NaN
PWY-5898: superpathway of menaquinol-12 biosynthesis	NaN	NaN	NaN	0.0	0.0	NaN	0.0	0.0	NaN	0.0	NaN	NaN
PWY-5899: superpathway of menaquinol-13 biosynthesis	NaN	NaN	NaN	0.0	0.0	NaN	0.0	0.0	NaN	0.0	NaN	NaN
PWY-5913: partial TCA cycle (obligate autotrophs)	0.0	0.0	Inf	0.0	0.5624047335122873	NaN	0.0	NaN	0.0	6.434259855238228	0.0	NaN
PWY-5918: superpathway of heme b biosynthesis from glutamate	NaN	NaN	NaN	NaN	0.0	NaN	0.0	NaN	NaN	0.0	NaN	NaN
PWY-5920: superpathway of heme b biosynthesis from glycine	NaN	NaN	NaN	NaN	0.0	NaN	NaN	NaN	NaN	0.0	NaN	NaN
PWY-5971: palmitate biosynthesis (type II fatty acid synthase)	NaN	NaN	NaN	NaN	0.0	NaN	0.0	Inf	NaN	0.0	NaN	NaN
PWY-5973: cis-vaccenate biosynthesis	1.0969411874215549	1.6649379219975782	1.0227994990051532	0.780152060434346	0.840558025477199	0.0	2.0116777691227536	1.121917784964045	0.7629725109768641	3.3182676198984185	1.8953117623590854	0.8428570013023968
PWY-5989: stearate biosynthesis II (bacteria and plants)	3.6166757327876424	4.19714912822658	0.0	0.0	0.257693049424249	0.0	1.5592249077663003	0.5028906309791735	0.0	4.369437602635727	0.0	1.77670884217315
PWY-5994: palmitate biosynthesis (type I fatty acid synthase)	NaN	NaN	NaN	NaN	0.0	NaN	NaN	NaN	NaN	NaN	NaN	NaN
PWY-6121: 5-aminoimidazole ribonucleotide biosynthesis I	0.9233173887820703	1.2013430417815814	0.561872227839181	0.6862546160810551	2.307543824200227	0.0	0.700092575237031	1.080006819328967	0.0	1.240088179260148	0.0	0.6067356040260332
PWY-6122: 5-aminoimidazole ribonucleotide biosynthesis II	1.0628892548968476	1.0852024389675063	0.5141619449688488	0.7736934005225409	2.2240901492771763	0.0	0.49914072916267466	1.0212480089887068	0.0	1.391988984383461	0.0	0.5566156171608759
PWY-6123: inosine-5'-phosphate biosynthesis I	1.3707184870726092	1.4442262877225194	0.7921093499084761	1.5608000756676845	2.2837701837180786	0.0	1.2613879900374134	1.1915591916959778	1.2308802242230859	0.36807700176661684	1.4543805902045708	1.3415190323221404
PWY-6124: inosine-5'-phosphate biosynthesis II	1.3203529096708961	1.404955623448467	0.985492028688196	1.5330697680523897	2.303518881258913	0.0	1.2003393450729276	1.1254844511112	0.6462994117851933	0.0	1.6951196750852016	1.2982029854471338
PWY-6125: superpathway of guanosine nucleotides de novo biosynthesis II	1.5888170369347419	1.4330586489940234	1.0895554490793706	1.9759792327081198	2.6884747244041787	0.0	1.6936698968384745	1.2891143005852133	0.0	3.2092588632600494	1.7103978320076652	1.951762119532172
PWY-6126: superpathway of adenosine nucleotides de novo biosynthesis II	1.8206649188636153	1.3618613001012678	1.173146958821862	1.6648832957370976	2.217210660731908	0.0	1.4275664826186647	1.4316930475868144	0.0	3.7124316185288917	2.556103097073652	2.0268222522589756
PWY-6143: CMP-pseudaminate biosynthesis	NaN	0.0	NaN	NaN	NaN	0.0	NaN	NaN	NaN	NaN	NaN	NaN
PWY-6145: superpathway of CMP-sialic acids biosynthesis	NaN	NaN	NaN	NaN	NaN	NaN	0.0	NaN	NaN	NaN	NaN	NaN
PWY-6147: 6-hydroxymethyl-dihydropterin diphosphate biosynthesis I	0.5260038774549952	0.1893366755744735	0.508348294094433	0.42952341776289404	0.11782231199323362	0.0	0.3637393541843671	0.5061635560794506	0.0	0.0	0.0	0.9237088678826656
PWY-6151: S-adenosyl-L-methionine salvage I	0.5973855947843016	0.5968148775703983	0.2891065513281707	0.73290344137803	1.3027347798516555	0.0	0.23382875813792633	0.09322943620189975	0.0	0.7622375918435617	0.0	0.0
PWY-6163: chorismate biosynthesis from 3-dehydroquinate	0.3227170691141131	1.2111983025368072	1.0380131135184638	0.4388493690127713	0.6920780464040459	0.0	0.6019364440811664	0.9166804898626767	0.0	0.0	0.0	0.6355499685330237
PWY-6168: flavin biosynthesis III (fungi)	0.09027328898483475	0.7124738808171565	0.5896420582275872	0.3912537882760114	0.6874306847225575	0.0	0.1146974917771308	0.06873188174814147	0.0	0.0	0.0	0.46457401673238957
PWY-6182: superpathway of salicylate degradation	NaN	NaN	NaN	NaN	0.0	NaN	NaN	NaN	NaN	NaN	NaN	NaN
PWY-6185: 4-methylcatechol degradation (ortho cleavage)	NaN	NaN	NaN	NaN	0.0	NaN	NaN	NaN	NaN	NaN	NaN	NaN
PWY-6210: 2-aminophenol degradation	NaN	NaN	NaN	NaN	0.0	NaN	NaN	NaN	NaN	NaN	NaN	NaN
PWY-6215: 4-chlorobenzoate degradation	NaN	NaN	NaN	NaN	0.0	NaN	NaN	NaN	NaN	NaN	NaN	NaN
PWY-622: starch biosynthesis	NaN	NaN	NaN	NaN	1.18593185539914	NaN	NaN	NaN	0.0	0.0	NaN	NaN
PWY-6263: superpathway of menaquinol-8 biosynthesis II	NaN	NaN	NaN	NaN	NaN	NaN	0.0	NaN	NaN	NaN	NaN	NaN
PWY-6270: isoprene biosynthesis I	0.6106672666329858	0.9195543439569923	Inf	0.0	1.0451072501767373	0.0	0.0	0.8459557052187522	3.2465630129484273	0.0	0.0	0.0
PWY-6277: superpathway of 5-aminoimidazole ribonucleotide biosynthesis	1.0628892548968476	1.0852024389675063	0.5141619449688488	0.7736934005225409	2.2240901492771763	0.0	0.49914072916267466	1.0212480089887068	0.0	1.391988984383461	0.0	0.5566156171608759
PWY-6282: palmitoleate biosynthesis I (from (5Z)-dodec-5-enoate)	3.608217671211771	4.208018600211682	0.0	0.0	0.9998837744378669	0.0	1.6433958084837292	0.5164951693962692	0.0	5.323382727152506	0.0	2.002389172382234
PWY-6284: superpathway of unsaturated fatty acids biosynthesis (E. coli)	NaN	NaN	NaN	NaN	0.0	NaN	0.0	Inf	NaN	0.0	NaN	NaN
PWY-6285: superpathway of fatty acids biosynthesis (E. coli)	NaN	NaN	NaN	NaN	0.0	NaN	NaN	NaN	NaN	0.0	NaN	NaN
PWY-6305: superpathway of putrescine biosynthesis	0.2918866459592339	3.5147461709876398	Inf	0.7135123091194034	0.25756098805312033	0.0	0.0	0.5260842325448997	0.0	0.0	0.0	1.6664848861414803
PWY-6317: D-galactose degradation I (Leloir pathway)	1.0567834694746172	0.0	0.9166034095386426	1.2257346600985963	1.251849432693728	0.0	0.0	0.2882013505729356	0.0	0.7557076845438087	0.0	0.0
PWY-6318: L-phenylalanine degradation IV (mammalian, via side chain)	NaN	NaN	NaN	NaN	0.0	NaN	NaN	NaN	NaN	NaN	NaN	NaN
PWY-6353: purine nucleotides degradation II (aerobic)	1.4781785155613107	0.0	Inf	1.0054120067890147	0.1655948673428667	NaN	0.0	0.0	0.0	0.0	0.0	NaN
PWY-6385: peptidoglycan biosynthesis III (mycobacteria)	0.5636505604278103	0.723582465584715	0.5764650078848618	0.5221021260069818	0.9673175438671489	0.6659638032179279	0.2875973685791092	0.6179081861534149	1.0850300270852375	0.6334547427401003	0.39788580877236635	1.2132245644620543
PWY-6386: UDP-N-acetylmuramoyl-pentapeptide biosynthesis II (lysine-containing)	0.5354208770239458	0.7384352490041093	0.47646374226777455	0.46236773025897265	0.9593323151955072	0.6488020487852884	0.27073835639092925	0.755305784872293	1.176290462084901	0.5399849030602104	0.0	0.752850911764374
PWY-6387: UDP-N-acetylmuramoyl-pentapeptide biosynthesis I (meso-diaminopimelate containing)	0.5322749068543919	0.7143189764565661	0.5023689457059891	0.49280831816522785	0.9401446232273613	0.688162285913834	0.3275950903997902	0.6575535329863087	1.226373563943973	0.5410721058158742	0.34883198027037504	1.1877766474195641
PWY-6470: peptidoglycan biosynthesis V (&beta;-lactam resistance)	3.5807721536469046	0.0	NaN	0.0	NaN	NaN	NaN	0.0	0.0	0.0	NaN	0.0
PWY-6471: peptidoglycan biosynthesis IV (Enterococcus faecium)	4.2643205361221765	0.0	NaN	0.0	NaN	NaN	0.0	0.0	0.0	0.0	NaN	0.0
PWY-6478: GDP-D-glycero-&alpha;-D-manno-heptose biosynthesis	NaN	0.0	NaN	NaN	NaN	NaN	0.0	0.0	0.0	NaN	NaN	NaN
PWY-6507: 4-deoxy-L-threo-hex-4-enopyranuronate degradation	4.763276200423062	0.0	0.5016055925266528	2.4859436008841467	0.14448856565828402	0.0	0.0	0.0	0.0	3.2630913918388487	0.0	0.0
PWY-6519: 8-amino-7-oxononanoate biosynthesis I	3.4747049412722526	2.0751187045047854	0.0	0.0	0.7583044458619337	0.0	0.0	0.3157726817276233	0.0	0.0	0.0	1.1413861386847173
PWY-6527: stachyose degradation	1.0765005710074056	0.0	1.211899227731308	1.5152932244618298	0.5881233207607526	0.0	0.0	0.2033487795474821	0.0	0.6787928185606117	0.0	0.0
PWY-6531: mannitol cycle	0.0	0.0	NaN	0.0	0.0	NaN	0.0	0.0	0.0	0.0	0.0	0.0
PWY-6545: pyrimidine deoxyribonucleotides de novo biosynthesis III	0.0	0.0	NaN	0.0	0.0	NaN	0.0	NaN	0.0	0.0	0.0	NaN
PWY-6549: L-glutamine biosynthesis III	0.0	0.0	NaN	0.0	0.7148484581366065	NaN	0.0	NaN	0.0	0.0	0.0	NaN
PWY-6562: norspermidine biosynthesis	NaN	NaN	NaN	NaN	0.0	NaN	NaN	NaN	NaN	NaN	NaN	NaN
PWY-6572: chondroitin sulfate degradation I (bacterial)	NaN	0.0	NaN	NaN	NaN	0.0	0.0	0.0	0.0	NaN	0.0	NaN
PWY-6588: pyruvate fermentation to acetone	NaN	NaN	Inf	0.0	1.0985398342284052	NaN	0.0	NaN	0.0	0.0	NaN	0.0
PWY-6590: superpathway of Clostridium acetobutylicum acidogenic fermentation	NaN	0.0	NaN	0.0	NaN	0.0	NaN	NaN	0.0	0.0	NaN	0.0
PWY-6595: superpathway of guanosine nucleotides degradation (plants)	NaN	NaN	NaN	0.0	0.0	NaN	0.0	NaN	NaN	0.0	NaN	NaN
PWY-6606: guanosine nucleotides degradation II	1.4358763136115775	0.0	Inf	1.0178028874568663	0.15036152665604158	NaN	0.0	0.0	0.0	0.0	0.0	NaN
PWY-6608: guanosine nucleotides degradation III	2.2786761109621163	3.503107408517952	0.5681949938091729	0.8883016659736162	0.21123443400302108	0.0	5.628465425042986	1.0769470378800265	29.49727941901253	1.1521260472440307	15.996631481199598	25.704019382177663
PWY-6609: adenine and adenosine salvage III	1.1716818452862456	1.0532446510665436	0.6114325558769377	0.8314640611566614	0.8409579039222305	2.5326266079583015	1.0230222043390762	1.234521801572157	2.318741426903091	1.098384287288237	1.634898940266911	1.2842290765184599
PWY-6612: superpathway of tetrahydrofolate biosynthesis	0.0	NaN	NaN	0.0	0.0	NaN	0.0	NaN	NaN	0.0	NaN	NaN
PWY-6630: superpathway of L-tyrosine biosynthesis	NaN	NaN	NaN	NaN	0.0	NaN	NaN	NaN	NaN	NaN	NaN	NaN
PWY-6690: cinnamate and 3-hydroxycinnamate degradation to 2-hydroxypentadienoate	NaN	NaN	NaN	NaN	0.0	NaN	0.0	NaN	NaN	NaN	NaN	NaN
PWY-6700: queuosine biosynthesis I (de novo)	0.45942544515189665	1.207306992963	0.4054766759279586	0.738474504175249	0.44810657335162163	0.0	0.4856035225760349	1.1474518539525522	2.3416965214249266	0.19681607535663553	0.0	0.7498156204261296
PWY-6703: preQ0 biosynthesis	0.39198499289877414	0.6216248761267843	0.41655421015449745	0.5572474242677184	0.0	0.7348310857321635	0.6707364868026269	0.9835282370896324	0.0	0.0	1.3261939512427774	1.0420560846499305
PWY-6708: ubiquinol-8 biosynthesis (early decarboxylation)	NaN	NaN	NaN	NaN	0.0	NaN	0.0	NaN	NaN	0.0	NaN	NaN
PWY-6731: starch degradation III	NaN	NaN	NaN	5.487783497756491	0.0	NaN	17.061552546563938	NaN	0.0	0.0	NaN	NaN
PWY-6737: starch degradation V	2.4963155227908023	1.320286922055587	0.7303876992478966	1.9675522737045184	1.3853592109021142	0.0	0.9769528392389537	1.7680789250784008	0.0	1.0099105751389055	0.0	0.35560719478639935
PWY-6749: CMP-legionaminate biosynthesis I	NaN	0.0	NaN	NaN	0.0	NaN	NaN	0.0	0.0	15.526327812205526	NaN	NaN
PWY-6803: phosphatidylcholine acyl editing	NaN	NaN	Inf	NaN	0.0	NaN	14.92944631418244	NaN	NaN	0.0	NaN	NaN
PWY-6823: molybdopterin biosynthesis	NaN	NaN	NaN	NaN	0.0	NaN	NaN	NaN	NaN	NaN	NaN	NaN
PWY-6859: all-trans-farnesol biosynthesis	NaN	NaN	Inf	0.0	0.8368240372224607	0.0	0.0	0.0	0.0	0.0	0.0	0.0
PWY-6863: pyruvate fermentation to hexanol (engineered)	0.0	NaN	NaN	0.0	0.0	0.0	NaN	NaN	0.0	0.0	NaN	0.0
PWY-6876: isopropanol biosynthesis (engineered)	NaN	NaN	NaN	0.0	0.0	NaN	0.0	NaN	0.0	0.0	NaN	0.0
PWY-6892: thiazole component of thiamine diphosphate biosynthesis I	0.0	NaN	NaN	NaN	0.0	NaN	NaN	NaN	NaN	0.0	NaN	NaN
PWY-6897: thiamine diphosphate salvage II	0.6848998298662359	0.35679143103740085	0.623052190762867	0.4024847572686713	0.0	0.0	0.0	0.6742067750354721	0.0	0.0	0.0	0.0
PWY-6901: superpathway of glucose and xylose degradation	1.6664732041143264	0.0	NaN	0.8678784457386676	0.0	0.0	0.0	2.44379343904937	0.0	0.0	0.0	0.0
PWY-6936: seleno-amino acid biosynthesis (plants)	0.0	1.0098740799078418	NaN	0.0	0.11469339497874191	0.0	2.5563147533805926	0.0	0.0	0.0	0.0	0.0
PWY-6953: dTDP-3-acetamido-&alpha;-D-fucose biosynthesis	NaN	NaN	NaN	NaN	NaN	NaN	0.0	NaN	NaN	NaN	NaN	NaN
PWY-6969: TCA cycle V (2-oxoglutarate synthase)	0.0	NaN	Inf	NaN	0.0	NaN	27.879099133810097	0.0	NaN	0.0	0.0	0.0
PWY-7003: glycerol degradation to butanol	NaN	NaN	NaN	NaN	1.6116542985027895	NaN	NaN	NaN	NaN	0.0	NaN	NaN
PWY-7013: (S)-propane-1,2-diol degradation	6.799491631697783	NaN	NaN	0.0	3.718173448086519	NaN	NaN	NaN	0.0	0.0	NaN	NaN
PWY-7039: phosphatidate metabolism, as a signaling molecule	NaN	NaN	NaN	NaN	0.0	NaN	NaN	NaN	NaN	NaN	NaN	NaN
PWY-7094: fatty acid salvage	NaN	NaN	NaN	NaN	0.0	NaN	NaN	NaN	NaN	0.0	NaN	NaN
PWY-7111: pyruvate fermentation to isobutanol (engineered)	1.3262352372775923	0.542105898325285	0.48143141547906315	1.945581587192254	1.2841072523257844	2.738447775651992	0.6653086558080058	1.329653498281775	0.466944012226891	0.8710770806508185	0.3254438220427935	1.1772477748500176
PWY-7115: C4 photosynthetic carbon assimilation cycle, NAD-ME type	0.0	0.0	NaN	0.0	0.6386883083879773	NaN	0.0	0.0	0.0	0.0	0.0	NaN
PWY-7117: C4 photosynthetic carbon assimilation cycle, PEPCK type	NaN	0.0	NaN	0.0	0.1942974945968751	NaN	0.0	NaN	0.0	2.4376795078903086	0.0	NaN
PWY-7118: chitin deacetylation	NaN	NaN	NaN	NaN	0.0	NaN	NaN	NaN	NaN	NaN	NaN	NaN
PWY-7165: L-ascorbate biosynthesis VIII (engineered pathway)	NaN	NaN	NaN	NaN	0.0	NaN	NaN	NaN	NaN	NaN	NaN	NaN
PWY-7184: pyrimidine deoxyribonucleotides de novo biosynthesis I	0.0	0.0	NaN	0.0	0.0	NaN	0.0	NaN	0.0	0.0	0.0	NaN
PWY-7187: pyrimidine deoxyribonucleotides de novo biosynthesis II	NaN	NaN	NaN	0.0	0.4972953063965003	NaN	NaN	NaN	NaN	4.566658150561051	NaN	NaN
PWY-7197: pyrimidine deoxyribonucleotide phosphorylation	1.8811088463384196	4.996610648014916	2.014406257818223	0.0	1.5359379628273973	0.0	3.2375525136489745	1.455118513507555	1.8455956924642432	2.8364322593164837	4.7000887032314385	8.978450019097833
PWY-7198: pyrimidine deoxyribonucleotides de novo biosynthesis IV	0.0	0.0	NaN	0.0	0.979806784529432	0.0	0.0	NaN	0.0	0.0	0.0	0.0
PWY-7199: pyrimidine deoxyribonucleosides salvage	0.5508158936059981	0.9396392990843302	0.37948908524321273	0.8227817380774471	0.0	0.0	0.8444358129719918	0.52874155813792	3.3567412205214464	0.0	0.712426851951537	1.0820022205887314
PWY-7204: pyridoxal 5'-phosphate salvage II (plants)	NaN	NaN	NaN	NaN	0.0	NaN	0.0	NaN	NaN	0.0	NaN	NaN
PWY-7208: superpathway of pyrimidine nucleobases salvage	1.2605858258999338	2.13300596083523	8.762735103126019	2.198867486296955	4.139962106206596	7.85037118098632	1.1012917656663423	1.4960431494634727	0.0	0.4574899245565226	0.0	1.4337692995124196
PWY-7209: superpathway of pyrimidine ribonucleosides degradation	NaN	NaN	NaN	NaN	0.0	NaN	NaN	NaN	NaN	NaN	NaN	NaN
PWY-7210: pyrimidine deoxyribonucleotides biosynthesis from CTP	0.0	0.0	NaN	0.0	0.0	NaN	0.0	NaN	0.0	0.0	0.0	NaN
PWY-7211: superpathway of pyrimidine deoxyribonucleotides de novo biosynthesis	0.0	0.0	NaN	0.0	0.0	NaN	0.0	NaN	0.0	0.0	NaN	NaN
PWY-7219: adenosine ribonucleotides de novo biosynthesis	1.9090098774032003	1.5461638531274253	1.340213188110504	1.791412128282646	3.222603930619462	1.9949316149765959	1.561824284501391	1.4840273543978388	1.7909288171164743	1.2279196583690197	2.10384073982781	1.1815636170027137
PWY-7220: adenosine deoxyribonucleotides de novo biosynthesis II	1.852007691850898	1.2825049234508268	1.1353950787742777	1.6423868199038612	3.7073311682733245	0.0	1.3236139688305126	1.5173218165843747	0.7901987697394537	4.2725299071600595	3.0055072532885925	2.4500782721632004
PWY-7221: guanosine ribonucleotides de novo biosynthesis	0.8427526005306115	1.4848302557049682	1.1749111879565084	1.6204602923322131	1.6715330055526143	1.2964409268355568	2.341076442059924	1.2877746431806218	0.689062217776886	1.3286890849869548	2.1198768685847083	1.1845076350370105
PWY-7222: guanosine deoxyribonucleotides de novo biosynthesis II	1.852007691850898	1.2825049234508268	1.1353950787742777	1.6423868199038612	3.7073311682733245	0.0	1.3236139688305126	1.5173218165843747	0.7901987697394537	4.2725299071600595	3.0055072532885925	2.4500782721632004
PWY-7228: superpathway of guanosine nucleotides de novo biosynthesis I	1.4822661806525037	1.715097535451669	1.14387074073638	2.9493252850579417	2.783567892573671	6.656322096175386	2.1264890584355154	1.460644272129916	0.8085947479910196	2.8113150749143583	2.7499543980106362	2.0271397534174875
PWY-7229: superpathway of adenosine nucleotides de novo biosynthesis I	1.6958186545214537	1.4111383211120951	1.1374546869807551	1.6650963156598702	1.7033730607171085	0.0	1.4642993789087033	1.3421737003543452	0.0	3.173415668100453	2.418329659520716	1.7885629006381587
PWY-7234: inosine-5'-phosphate biosynthesis III	0.0	4.616482803429658	Inf	0.0	0.0	0.0	0.0	2.209510121416341	1.7533086406750595	0.0	5.380474784407285	4.916562288726589
PWY-7237: myo-, chiro- and scyllo-inositol degradation	0.0	NaN	NaN	0.0	0.0	NaN	NaN	NaN	0.0	0.0	NaN	NaN
PWY-7242: D-fructuronate degradation	2.416786712491465	0.0	0.4464565373737039	2.2654844731419232	0.0	0.0	0.0	0.3433501427868885	0.0	2.0863931465930334	2.681897823185927	0.0
PWY-724: superpathway of L-lysine, L-threonine and L-methionine biosynthesis II	0.49939229960185944	0.4002079858155927	0.7966160240487712	0.4811888353310797	0.2851508353138146	0.0	0.0	0.6907564860081422	0.0	0.5160298861851138	0.0	0.0
PWY-7254: TCA cycle VII (acetate-producers)	NaN	NaN	NaN	NaN	0.0	NaN	0.0	NaN	NaN	0.0	NaN	NaN
PWY-7269: mitochondrial NADPH production (yeast)	NaN	NaN	NaN	NaN	0.0	NaN	NaN	NaN	NaN	NaN	NaN	NaN
PWY-7270: L-methionine salvage cycle II (plants)	NaN	NaN	NaN	NaN	0.0	NaN	NaN	NaN	NaN	NaN	NaN	NaN
PWY-7279: aerobic respiration II (cytochrome c) (yeast)	NaN	NaN	NaN	NaN	Inf	Inf	NaN	Inf	NaN	NaN	NaN	NaN
PWY-7282: 4-amino-2-methyl-5-diphosphomethylpyrimidine biosynthesis II	0.5078112078186294	0.4194306369284957	0.794040859718567	0.6151693339405163	0.0	0.0	0.0	0.18869433890495022	0.0	0.0	0.0	1.3029189226104525
PWY-7312: dTDP-&beta;-D-fucofuranose biosynthesis	0.0	0.0	0.1366634345631006	0.0	NaN	NaN	NaN	NaN	NaN	NaN	0.0	0.0
PWY-7315: dTDP-N-acetylthomosamine biosynthesis	0.3717702690279792	0.615112387166608	NaN	NaN	0.0	NaN	0.0	0.0	0.0	0.0	0.0	NaN
PWY-7316: dTDP-N-acetylviosamine biosynthesis	NaN	0.7224317797852408	NaN	NaN	0.0	NaN	0.0	0.0	NaN	NaN	NaN	NaN
PWY-7323: superpathway of GDP-mannose-derived O-antigen building blocks biosynthesis	1.8386357761050476	0.6133116536974202	0.9993228245931672	1.2109680504862566	0.0	0.0	0.8997798776348649	1.2767606678058454	5.3042579627759405	3.642630887552282	0.8879993854957164	0.8444633938511426
PWY-7328: superpathway of UDP-glucose-derived O-antigen building blocks biosynthesis	NaN	NaN	NaN	0.0	0.0	0.0	9.078416561306765	NaN	0.0	0.0	NaN	NaN
PWY-7332: superpathway of UDP-N-acetylglucosamine-derived O-antigen building blocks biosynthesis	NaN	0.0	NaN	NaN	NaN	NaN	0.0	0.0	NaN	NaN	0.0	0.0
PWY-7357: thiamine phosphate formation from pyrithiamine and oxythiamine (yeast)	0.7506091330936598	0.2921957988067897	0.6054341678757997	0.3416100862744543	0.0	0.0	0.0	0.5804961988383908	0.0	0.0	0.0	0.0
PWY-7371: 1,4-dihydroxy-6-naphthoate biosynthesis II	NaN	0.0	NaN	0.0	NaN	NaN	0.0	NaN	NaN	NaN	0.0	NaN
PWY-7383: anaerobic energy metabolism (invertebrates, cytosol)	2.245222070176826	4.840180885133739	NaN	0.0	NaN	0.0	NaN	5.194820298805464	0.0	10.025338792616779	3.1898951456287064	0.0
PWY-7384: anaerobic energy metabolism (invertebrates, mitochondrial)	NaN	NaN	Inf	0.0	2.2252725245082994	NaN	NaN	NaN	NaN	0.0	NaN	NaN
PWY-7385: 1,3-propanediol biosynthesis (engineered)	NaN	NaN	NaN	NaN	0.7525655059890354	NaN	NaN	NaN	NaN	0.0	NaN	NaN
PWY-7388: octanoyl-[acyl-carrier protein] biosynthesis (mitochondria, yeast)	3.5864942565608495	1.6115670154482766	0.0	0.0	1.5917746136994082	0.0	1.1347180669310193	0.19687925025633954	0.0	3.4053276364626037	0.0	0.8235586806658678
PWY-7389: superpathway of anaerobic energy metabolism (invertebrates)	NaN	NaN	NaN	0.0	NaN	NaN	NaN	NaN	NaN	0.0	NaN	NaN
PWY-7392: taxadiene biosynthesis (engineered)	NaN	NaN	Inf	0.0	1.134080625292779	0.0	0.0	0.0	0.0	0.0	0.0	0.0
PWY-7400: L-arginine biosynthesis IV (archaebacteria)	0.2221544585595407	1.349956072038979	0.5315581874613935	0.2612331082263108	0.31334118164890407	0.0	0.0	0.5674183631518779	0.0	0.0	0.0	0.2550840922641686
PWY-7409: phospholipid remodeling (phosphatidylethanolamine, yeast)	NaN	NaN	NaN	NaN	0.0	NaN	NaN	NaN	NaN	NaN	NaN	NaN
PWY-7446: sulfoquinovose degradation I	NaN	NaN	NaN	NaN	0.0	NaN	NaN	NaN	NaN	0.0	NaN	NaN
PWY-7456: &beta;-(1,4)-mannan degradation	0.0	0.7927798592191974	1.060150108402193	2.0617040022117807	NaN	0.0	0.9777737141543392	0.0	0.0	0.0	0.0	2.037832550956756
PWY-7527: L-methionine salvage cycle III	NaN	NaN	NaN	NaN	0.0	NaN	NaN	NaN	NaN	NaN	NaN	NaN
PWY-7528: L-methionine salvage cycle I (bacteria and plants)	NaN	NaN	NaN	NaN	0.0	NaN	NaN	NaN	NaN	NaN	NaN	NaN
PWY-7539: 6-hydroxymethyl-dihydropterin diphosphate biosynthesis III (Chlamydia)	0.5504522059455982	0.1914852300069252	0.4009392030149602	0.3401657076768949	0.12250447560602691	0.0	0.38144280399864394	0.5144764196627721	2.0566773151748596	0.0	0.0	0.8659980806631999
PWY-7560: methylerythritol phosphate pathway II	0.6191875972917269	0.8821210800665374	Inf	0.0	2.082440475749497	0.0	0.29628622460204856	0.8542013548578625	3.694226474424852	5.256419885955455	0.0	0.0
PWY-7663: gondoate biosynthesis (anaerobic)	1.017870456636911	1.3653593738817948	0.9021879672063187	0.7244015545589306	2.4929676423854477	0.0	1.8203711842252177	0.9825148399743522	0.8138497264767603	4.7168976101511655	1.719544794266525	0.7690649572124243
PWY-7664: oleate biosynthesis IV (anaerobic)	3.5491204770141422	4.0282070604985885	0.0	0.0	1.0530893989410468	0.0	1.6634737930167227	0.5345323924213279	0.0	4.818568884354802	0.0	1.7719299830893578
PWY-821: superpathway of sulfur amino acid biosynthesis (Saccharomyces cerevisiae)	NaN	NaN	NaN	NaN	0.0	NaN	NaN	NaN	NaN	0.0	NaN	NaN
PWY-841: superpathway of purine nucleotides de novo biosynthesis I	1.401280703263213	1.6097810208767693	Inf	1.3604563397070193	2.1507531519481136	0.0	1.2109274767223004	1.2097709752874657	0.0	0.0	0.0	1.1602752619957646
PWY0-1061: superpathway of L-alanine biosynthesis	NaN	NaN	NaN	NaN	0.0	NaN	NaN	NaN	NaN	NaN	NaN	NaN
PWY0-1241: ADP-L-glycero-&beta;-D-manno-heptose biosynthesis	0.0	1.9268658800342102	0.0	0.0	0.0	0.0	0.0	2.1320021226417243	0.0	0.0	0.0	NaN
PWY0-1261: anhydromuropeptides recycling I	0.0	0.0	Inf	0.0	0.0	0.0	0.0	0.0	0.0	0.0	0.0	0.0
PWY0-1277: 3-phenylpropanoate and 3-(3-hydroxyphenyl)propanoate degradation	NaN	NaN	NaN	NaN	0.0	NaN	0.0	NaN	NaN	NaN	NaN	NaN
PWY0-1296: purine ribonucleosides degradation	1.3802586940918464	0.0	1.8674192203873927	2.4073722811628144	0.7304621692206877	0.0	5.174287550729238	0.18133460327058282	0.0	1.2548053410185684	3.892943478076851	0.9915084028574013
PWY0-1297: superpathway of purine deoxyribonucleosides degradation	NaN	NaN	Inf	0.0	0.28143737868901375	NaN	0.0	NaN	NaN	0.0	NaN	0.0
PWY0-1298: superpathway of pyrimidine deoxyribonucleosides degradation	4.736502208038447	0.0	Inf	0.0	0.9985271524866607	NaN	0.0	1.1838053739249892	0.0	0.0	NaN	NaN
PWY0-1319: CDP-diacylglycerol biosynthesis II	0.6695628755219905	1.0474718546094637	0.6485108196226597	0.7991559092582926	0.7589949105577616	0.0	1.1555814953426258	0.5674110439709793	3.8263116219905173	1.231287753735656	1.4372178895331185	1.3148959419803392
PWY0-1338: polymyxin resistance	NaN	NaN	NaN	NaN	0.0	NaN	NaN	NaN	NaN	NaN	NaN	NaN
PWY0-1415: superpathway of heme b biosynthesis from uroporphyrinogen-III	NaN	NaN	NaN	0.0	0.0	NaN	0.0	NaN	NaN	0.0	NaN	NaN
PWY0-1479: tRNA processing	0.0	NaN	Inf	0.0	0.6946232216735935	NaN	0.0	0.0	0.0	2.784345630992417	NaN	0.0
PWY0-1533: methylphosphonate degradation I	NaN	NaN	NaN	NaN	0.0	NaN	NaN	NaN	NaN	0.0	NaN	NaN
PWY0-1586: peptidoglycan maturation (meso-diaminopimelate containing)	0.39722909690029723	0.7281806688378122	0.5721369283043047	0.2813153687829593	0.5992389050390406	0.0	0.156232723186664	0.2377677592222184	1.0357953972493754	2.3441357232453055	0.3555165787200638	0.0
PWY0-162: superpathway of pyrimidine ribonucleotides de novo biosynthesis	0.7144541433736248	2.3193549004834133	Inf	0.0	1.2827660291331595	0.0	0.0	1.998517147997035	0.0	1.8787593463736603	0.0	1.4197043550941355
PWY0-166: superpathway of pyrimidine deoxyribonucleotides de novo biosynthesis (E. coli)	NaN	NaN	NaN	0.0	0.0	NaN	0.0	NaN	NaN	0.0	NaN	NaN
PWY0-41: allantoin degradation IV (anaerobic)	NaN	NaN	NaN	NaN	0.0	NaN	NaN	NaN	NaN	NaN	NaN	NaN
PWY0-42: 2-methylcitrate cycle I	NaN	NaN	NaN	NaN	0.0	NaN	0.0	NaN	NaN	0.0	NaN	NaN
PWY0-781: aspartate superpathway	0.0	NaN	NaN	NaN	0.0	NaN	0.0	NaN	0.0	0.0	NaN	NaN
PWY0-845: superpathway of pyridoxal 5'-phosphate biosynthesis and salvage	0.7803068153787441	0.6876805380476803	1.4517699695112547	0.73728251899497	0.0	0.0	0.8650602820208128	0.22220685873154047	5.51644712671992	6.787461035284116	1.5718949885115587	1.5976230281093056
PWY0-862: (5Z)-dodecenoate biosynthesis I	3.592208756073991	4.079024918440717	0.0	0.0	0.9726026954134606	0.0	1.665145783221073	0.5088343978578382	0.0	4.523881021073006	0.0	1.7853827982263162
PWY0-881: superpathway of fatty acid biosynthesis I (E. coli)	NaN	NaN	NaN	NaN	NaN	NaN	NaN	NaN	NaN	0.0	NaN	NaN
PWY3DJ-35471: L-ascorbate biosynthesis IV (animals, D-glucuronate pathway)	NaN	NaN	NaN	NaN	0.0	NaN	NaN	NaN	NaN	NaN	NaN	NaN
PWY3O-355: stearate biosynthesis III (fungi)	0.3306262375287116	NaN	0.20657362817252645	0.537443682681562	NaN	0.0	0.29244264458279456	0.32457917271505576	0.0	NaN	0.0	0.461176578153445
PWY4FS-7: phosphatidylglycerol biosynthesis I (plastidic)	0.6701668751025753	0.0	0.409303881227553	0.4043892446902519	0.8718014134011662	0.0	0.0	1.6041221335401001	0.0	1.0114731641167143	0.0	0.0
PWY4FS-8: phosphatidylglycerol biosynthesis II (non-plastidic)	0.6701668751025753	0.0	0.409303881227553	0.4043892446902519	0.8718014134011662	0.0	0.0	1.6041221335401001	0.0	1.0114731641167143	0.0	0.0
PWY4LZ-257: superpathway of fermentation (Chlamydomonas reinhardtii)	NaN	NaN	Inf	0.0	0.39532039359558757	NaN	0.0	NaN	NaN	0.0	NaN	0.0
PWY66-367: ketogenesis	NaN	NaN	NaN	NaN	0.0	NaN	NaN	NaN	NaN	NaN	NaN	NaN
PWY66-388: ceramide degradation by &alpha;-oxidation	NaN	NaN	NaN	0.0	NaN	NaN	NaN	NaN	NaN	NaN	NaN	NaN
PWY66-389: phytol degradation	NaN	NaN	Inf	23.10810344931163	0.7156451057740956	NaN	0.0	NaN	NaN	0.0	NaN	NaN
PWY66-398: TCA cycle III (animals)	NaN	NaN	NaN	0.0	NaN	NaN	NaN	NaN	NaN	NaN	NaN	NaN
PWY66-399: gluconeogenesis III	4.019599298463183	0.0	NaN	0.0	NaN	0.0	NaN	6.0285543921891485	0.0	0.0	8.825975488586867	0.0
PWY66-409: superpathway of purine nucleotide salvage	NaN	NaN	NaN	0.0	0.0	NaN	0.0	NaN	NaN	0.0	NaN	NaN
PWY66-422	1.1102617704659297	0.0	1.2233044995847906	1.5584547665207518	1.251849432693728	0.0	0.0	0.23170968767442318	0.0	0.7557076845438087	0.0	0.0
PYRIDNUCSAL-PWY: NAD salvage pathway I (PNC VI cycle)	NaN	NaN	NaN	NaN	0.3315224283766657	NaN	0.0	NaN	NaN	0.0	NaN	0.0
PYRIDNUCSYN-PWY: NAD de novo biosynthesis I (from aspartate)	0.8762461486374026	0.6527249107878734	0.47259385205705295	0.7948718114641623	0.44163510629233194	0.0	0.9668770057168647	1.240014626586294	0.0	0.0	0.0	1.243707736632504
PYRIDOXSYN-PWY: pyridoxal 5'-phosphate biosynthesis I	2.2457441253317163	0.5750863484968314	2.556739171450776	0.7128458870477736	0.0	0.0	0.9468563673362397	1.513570685003072	6.242483333297194	8.399720730547028	3.2480440944004205	1.5865481418419147
REDCITCYC: TCA cycle VI (Helicobacter)	NaN	NaN	NaN	NaN	0.0	NaN	NaN	NaN	NaN	0.0	NaN	NaN
RHAMCAT-PWY: L-rhamnose degradation I	0.7978514682657588	0.19271239737875956	0.3122381308278998	1.8539609852924717	0.0	0.0	0.3616823813717457	0.617913111607727	0.0	0.0	0.0	0.0
RIBOSYN2-PWY: flavin biosynthesis I (bacteria and plants)	0.17687925348829653	0.4537729523450528	0.537941213955256	0.3129810236576974	0.6533424011498901	0.0	0.11010889955079657	0.0544836065118816	0.0	0.0	0.0	0.41959480078306993
SALVADEHYPOX-PWY: adenosine nucleotides degradation II	2.4091217188006793	0.0	0.5622756969167423	1.0517974014840539	0.12776979454368628	NaN	0.0	1.585992287407827	0.0	1.1601752727796901	0.0	NaN
SER-GLYSYN-PWY: superpathway of L-serine and glycine biosynthesis I	2.7518410031012492	4.077493903471306	2.594160709896441	2.32724116939448	0.7811682997272865	16.964429521099245	3.3404773024254935	3.346180061536054	1.7541757142434578	2.166895800604891	7.430804460291508	4.420762499465284
SO4ASSIM-PWY: assimilatory sulfate reduction I	NaN	NaN	NaN	0.0	0.0	NaN	0.0	0.0	NaN	0.0	NaN	NaN
SULFATE-CYS-PWY: superpathway of sulfate assimilation and cysteine biosynthesis	NaN	NaN	NaN	0.0	0.0	NaN	0.0	0.0	NaN	0.0	NaN	NaN
TCA-GLYOX-BYPASS: superpathway of glyoxylate bypass and TCA	NaN	NaN	NaN	NaN	0.0	NaN	132.2925446642015	NaN	NaN	0.0	NaN	NaN
TCA: TCA cycle I (prokaryotic)	1.6821605350621895	0.0	Inf	2.01971716400607	2.8978438279617285	NaN	25.736762180659188	0.0	0.0	0.0	0.0	0.0
TEICHOICACID-PWY: poly(glycerol phosphate) wall teichoic acid biosynthesis	0.0	0.0	NaN	0.0	0.0	0.0	0.0	0.0	0.0	0.0	0.0	2.7897243587432343
THISYN-PWY: superpathway of thiamine diphosphate biosynthesis I	0.0	NaN	NaN	NaN	0.0	NaN	NaN	NaN	NaN	0.0	NaN	NaN
THISYNARA-PWY: superpathway of thiamine diphosphate biosynthesis III (eukaryotes)	0.5665275598574304	0.0	0.6949599716820263	0.4554616106936868	0.0	0.0	0.0	0.4117656786243569	0.0	0.0	0.0	0.0
THREOCAT-PWY: superpathway of L-threonine metabolism	NaN	NaN	NaN	NaN	0.0	NaN	0.0	NaN	NaN	NaN	NaN	NaN
THRESYN-PWY: superpathway of L-threonine biosynthesis	0.48296418929989066	0.36646695927684886	0.41955996660880845	0.4820204082425295	0.7942419220067725	0.0	0.10283322560862933	0.5319904315343941	0.0	0.6258095781801465	0.0	0.29856137048745307
TRNA-CHARGING-PWY: tRNA charging	0.7661827012958891	0.7230516089908595	0.7286272788414602	1.0128241105583227	1.2762592154211516	0.0	0.9124058705340904	0.897038203316524	0.0	0.5974715953112137	0.8292607484036549	0.8345906925091193
TRPSYN-PWY: L-tryptophan biosynthesis	0.06748988716317657	0.0	0.1472575092331322	0.29616060142496625	0.0	0.0	0.0	0.0	0.0	0.0	0.0	0.0
UBISYN-PWY: superpathway of ubiquinol-8 biosynthesis (early decarboxylation)	NaN	NaN	NaN	NaN	0.0	NaN	NaN	NaN	NaN	0.0	NaN	NaN
UDPNAGSYN-PWY: UDP-N-acetyl-D-glucosamine biosynthesis I	0.0	0.0	Inf	0.9865421854143439	2.125328721079217	0.0	7.727757622707801	0.0	4.29359508652171	0.0	0.0	2.705517723743056
URDEGR-PWY: superpathway of allantoin degradation in plants	NaN	NaN	NaN	NaN	0.0	NaN	NaN	NaN	NaN	NaN	NaN	NaN
VALSYN-PWY: L-valine biosynthesis	1.0610498299362314	0.8009622812803266	0.9748389727268257	1.945581587192254	0.3727682473986544	2.8573725206278504	0.7765663543737787	1.1062064580826034	0.466944012226891	0.535374260621223	1.0823933941003756	1.2914744480116405
